"jobid","unempdur","interim","callback","old"
3295,0,0,0,0
3265,0,1,0,0
3318,4,0,0,0
3337,0,1,0,0
3355,0,1,0,1
3287,0,1,0,0
3263,52,0,0,0
3327,4,1,0,1
3264,52,1,0,1
3246,24,0,0,1
3335,52,0,0,1
3290,52,0,0,1
3257,0,1,0,1
3319,24,0,0,1
3234,24,0,0,1
3207,12,1,0,0
3333,4,0,0,1
3295,12,1,0,1
3340,12,0,0,0
3344,12,0,0,1
3207,24,1,0,1
3344,52,0,0,1
3230,4,1,0,1
3355,0,0,0,1
3262,24,1,0,0
3368,52,1,0,1
3271,4,0,0,1
3229,52,0,1,0
3230,52,0,0,0
3348,24,1,0,0
3258,4,0,0,1
3349,12,0,0,0
3244,12,0,0,1
3261,12,1,0,1
3307,24,1,0,0
3290,24,1,0,0
3335,12,0,0,0
3285,52,1,0,1
3281,0,1,0,0
3350,4,0,0,0
3249,24,0,0,0
3323,0,0,0,1
3284,0,0,0,0
3328,24,1,0,1
3328,24,0,0,1
3294,52,1,0,1
3238,12,1,0,0
3365,0,0,0,0
3287,52,1,0,1
3265,4,0,0,0
3282,52,0,0,1
3303,12,0,0,1
3290,24,1,0,0
3251,24,1,0,1
3208,52,0,0,1
3358,12,1,0,1
3273,4,1,0,1
3245,12,0,0,1
3324,52,1,0,1
3353,12,1,0,0
3280,12,0,0,0
3283,12,0,0,0
3221,24,0,0,1
3323,12,0,0,0
3211,52,1,0,1
3353,24,0,0,1
3359,12,0,0,0
3320,12,0,0,1
3386,12,1,1,0
3361,24,1,0,0
3319,12,1,0,0
3283,12,1,0,1
3354,4,1,0,0
3275,4,0,0,1
3318,24,1,0,0
3275,12,0,0,0
3288,52,1,0,1
3356,12,0,0,0
3316,52,1,1,0
3298,12,0,0,0
3379,0,0,0,1
3298,24,1,0,0
3277,24,0,0,1
3255,0,0,0,0
3280,0,0,0,1
3310,0,1,0,0
3380,24,0,0,0
3273,24,1,0,0
3307,0,1,0,0
3283,4,1,0,1
3361,52,1,1,1
3306,12,0,0,0
3289,4,1,0,0
3305,24,1,1,0
3305,4,1,0,0
3302,0,0,0,1
3272,24,1,0,1
3252,0,1,0,1
3304,24,1,0,0
3354,4,1,0,1
3304,52,0,0,0
3304,52,1,0,1
3303,12,1,0,0
3199,24,1,0,1
3358,24,0,0,1
3358,12,1,0,0
3352,24,0,0,0
3255,4,0,0,1
3289,52,1,0,1
3254,52,0,0,1
3265,52,0,0,1
3377,12,1,0,1
3253,52,0,0,0
3253,52,0,0,0
3282,4,1,0,1
3362,0,1,0,0
3204,52,1,0,1
3253,24,1,0,1
3373,24,1,0,0
3253,4,1,0,1
3316,12,0,0,1
3252,52,0,1,0
3364,24,1,0,1
3365,24,1,0,0
3294,0,1,0,1
3251,4,0,0,0
3313,4,0,0,1
3249,4,1,0,1
3366,12,1,0,1
3367,4,0,0,0
3248,24,0,0,1
3226,24,1,1,0
3247,52,1,0,0
3320,24,1,0,0
3231,4,1,0,1
3317,24,0,0,1
3245,24,0,0,0
3376,0,0,0,1
3282,4,0,0,0
3349,12,1,0,1
3197,4,0,0,0
3202,0,0,0,0
3201,4,1,0,1
3378,0,0,0,0
3243,24,0,0,0
3309,4,0,0,1
3324,24,0,0,0
3386,24,0,0,1
3240,24,0,0,1
3226,4,1,0,1
3251,0,1,0,0
3238,4,1,0,0
3235,24,0,0,1
3367,0,1,0,1
3268,4,1,0,1
3233,52,1,0,1
3273,0,1,0,0
3333,4,0,0,0
3345,52,0,1,0
3310,52,0,0,1
3229,52,0,0,1
3228,4,1,0,0
3220,52,0,0,0
3302,0,0,0,0
3227,24,1,0,0
3256,12,1,0,1
3223,12,1,0,0
3223,52,0,0,1
3222,24,0,0,0
3222,52,0,0,1
3221,24,1,0,0
3232,4,0,0,0
3196,4,0,0,1
3303,4,1,0,0
3219,52,1,0,1
3355,4,1,0,0
3375,4,1,0,1
3331,12,0,0,1
3333,12,0,0,1
3194,12,1,0,0
3316,12,1,1,0
3211,12,0,0,1
3293,12,0,0,1
3312,4,1,0,0
3373,0,1,0,1
3351,52,0,0,0
3213,0,1,0,0
3210,0,0,0,0
3209,24,0,0,0
3208,24,1,0,0
3208,52,0,0,0
3371,12,0,0,0
3291,24,1,0,0
3201,12,1,0,0
3281,24,1,0,0
3202,12,1,0,1
3282,52,1,0,0
3200,24,1,0,0
3214,52,1,0,1
3294,4,1,0,0
3198,0,0,1,1
3344,24,1,0,0
3320,24,1,0,1
3197,12,0,0,1
3196,24,1,0,1
3200,52,1,0,1
3193,12,0,0,1
3358,52,1,0,0
3361,4,0,1,1
3247,52,1,0,1
3382,52,0,0,1
3276,12,1,0,0
3295,0,1,0,0
3199,52,0,0,0
3313,0,0,0,0
3367,24,1,0,1
3372,12,1,0,1
3309,12,1,0,0
3301,52,0,0,0
3231,0,0,0,0
3321,0,1,0,1
3208,52,1,0,1
3245,12,1,0,0
3279,0,0,0,0
3320,0,1,0,0
3237,12,0,0,1
3322,0,1,0,0
3300,52,1,0,1
3229,0,0,0,1
3312,24,1,0,1
3280,12,0,0,0
3326,52,1,0,1
3307,24,0,0,1
3233,4,0,0,0
3368,0,0,0,0
3290,24,1,0,1
3364,0,1,0,1
3345,12,0,0,1
3257,24,0,0,1
3349,52,0,0,0
3198,52,0,1,1
3362,52,0,0,1
3315,24,1,0,0
3378,4,1,0,1
3252,12,1,0,0
3293,12,1,0,0
3263,52,1,0,1
3372,12,0,0,1
3250,24,1,0,0
3357,52,1,0,0
3223,12,1,0,0
3207,52,1,0,0
3267,24,1,0,1
3236,12,0,0,0
3311,4,0,0,1
3286,24,0,0,0
3324,4,0,0,0
3203,4,1,0,0
3262,12,0,0,1
3325,4,0,1,0
3244,52,1,0,0
3328,52,0,0,0
3259,4,1,0,1
3245,24,1,0,1
3379,0,1,0,1
3276,24,1,0,1
3373,0,0,0,1
3210,52,0,0,1
3369,24,1,0,0
3297,0,1,0,0
3359,52,1,0,0
3359,52,0,0,1
3384,52,1,0,0
3353,12,1,0,0
3313,52,0,0,1
3237,12,1,0,1
3194,12,0,0,0
3356,12,1,0,1
3206,0,0,0,1
3301,4,0,0,1
3332,12,1,0,0
3325,4,0,0,0
3244,52,1,0,0
3348,52,0,0,0
3287,12,0,0,0
3254,4,0,0,1
3335,0,0,0,1
3316,4,1,0,1
3345,24,0,0,0
3354,24,0,0,0
3241,4,1,0,0
3323,12,1,0,0
3250,12,1,0,1
3334,24,1,0,1
3349,12,0,0,1
3199,12,0,0,1
3293,24,0,0,0
3284,52,0,0,1
3232,52,1,0,0
3205,12,0,0,0
3321,4,0,0,1
3347,52,1,0,0
3305,0,1,0,1
3286,4,0,1,1
3258,12,1,0,0
3296,24,0,0,0
3356,24,0,0,1
3260,12,1,0,0
3322,52,0,0,1
3278,12,0,0,1
3259,24,0,1,0
3255,4,0,0,1
3327,0,1,0,1
3364,24,1,0,0
3350,24,0,0,1
3205,12,1,1,1
3378,24,1,0,0
3279,0,0,0,1
3247,12,1,0,1
3231,24,0,0,1
3369,0,0,0,1
3284,0,0,0,1
3337,4,0,0,0
3352,52,0,0,0
3326,12,1,0,1
3260,4,1,0,0
3277,0,1,0,0
3284,4,1,0,0
3324,52,1,0,1
3213,0,1,0,0
3280,4,1,0,1
3382,24,1,0,0
3302,0,1,0,0
3213,4,0,0,1
3224,12,1,0,1
3237,24,0,0,0
3241,4,0,0,1
3321,0,1,0,0
3247,4,0,0,0
3347,0,0,0,1
3244,52,0,0,1
3319,24,0,0,1
3296,52,0,0,1
3258,4,1,0,0
3306,52,0,0,0
3306,52,0,0,1
3275,52,0,0,1
3272,4,1,0,1
3209,12,0,0,1
3340,12,0,0,1
3386,0,1,0,0
3355,24,1,0,0
3348,24,1,0,1
3264,52,0,0,1
3334,0,0,0,0
3272,12,1,0,0
3194,24,1,0,1
3373,12,1,0,0
3281,24,0,0,1
3211,4,0,0,0
3297,24,0,0,0
3234,24,1,0,1
3269,4,1,0,1
3232,12,0,0,1
3331,24,0,0,1
3377,52,1,0,0
3261,52,0,0,1
3332,4,0,0,1
3370,12,0,0,1
3331,0,0,0,0
3351,12,1,0,1
3264,4,0,0,0
3267,52,1,0,0
3264,52,0,0,0
3221,4,1,0,0
3255,0,0,0,0
3317,52,1,0,0
3234,52,1,0,0
3235,24,0,0,0
3337,24,1,0,1
3240,12,0,0,0
3305,24,1,0,1
3218,52,1,0,1
3314,0,1,0,1
3204,52,1,0,1
3225,52,1,0,0
3243,24,1,0,0
3258,4,0,0,1
3224,52,1,0,1
3219,12,1,0,1
3312,12,1,0,1
3277,12,0,0,1
3332,52,1,0,0
3246,24,0,0,0
3240,24,1,0,1
3221,12,1,0,1
3214,24,0,1,0
3226,12,0,1,1
3238,52,0,0,1
3260,12,1,0,1
3363,4,0,0,0
3363,24,1,0,0
3377,4,0,1,0
3371,4,0,0,1
3259,0,1,0,0
3225,12,0,0,1
3301,0,1,0,0
3321,12,0,0,0
3332,52,1,0,1
3206,52,1,0,1
3322,4,0,0,1
3278,52,1,0,0
3326,52,0,0,0
3314,12,0,0,1
3371,24,1,0,0
3199,24,1,0,0
3235,0,0,0,0
3335,52,1,0,0
3333,52,1,0,0
3267,12,0,0,1
3201,24,1,0,1
3214,52,0,0,1
3286,52,1,1,0
3281,24,0,0,1
3207,12,1,0,1
3310,12,0,0,0
3228,12,1,0,0
3283,0,0,0,0
3276,4,1,0,1
3268,24,0,0,1
3311,4,0,0,1
3205,4,1,0,0
3249,52,0,0,1
3209,24,1,0,1
3198,0,1,0,0
3212,52,0,0,1
3353,24,1,0,1
3267,0,1,0,0
3230,24,0,0,0
3318,4,1,0,1
3236,0,1,1,1
3370,24,1,0,0
3225,4,1,0,1
3224,4,1,0,0
3271,12,0,0,0
3261,4,0,0,0
3380,0,0,0,1
3366,0,0,0,0
3195,12,0,0,0
3350,52,0,0,1
3277,0,1,0,0
3195,4,1,0,1
3386,4,1,0,1
3291,12,1,0,1
3334,12,1,0,1
3265,4,0,0,1
3379,0,0,0,0
3384,52,0,0,1
3372,0,1,0,0
3352,12,1,0,1
3234,12,1,0,0
3271,4,1,0,1
3364,52,0,0,0
3304,4,1,0,1
3272,12,1,0,0
3211,12,0,0,0
3365,4,0,0,1
3370,4,0,0,1
3271,12,1,0,0
3334,4,1,0,0
3294,0,1,0,0
3350,52,1,0,0
3295,4,1,0,1
3236,24,0,1,0
3220,12,0,1,1
3227,24,0,0,0
3241,12,0,0,1
3233,24,0,0,0
3218,4,1,0,0
3268,52,1,0,0
3213,52,1,0,1
3203,24,0,0,1
3368,0,1,0,0
3314,24,1,0,0
3368,0,0,0,1
3204,52,1,0,0
3212,0,0,0,1
3238,52,1,0,1
3195,4,0,0,0
3237,24,1,0,0
3379,4,0,0,0
3366,24,0,0,1
3279,0,1,0,0
3257,4,0,0,0
3303,0,1,0,1
3378,52,0,0,1
3276,12,0,0,0
3254,24,0,0,0
3230,52,0,0,1
3235,4,1,0,1
3351,12,1,0,1
3372,12,0,0,0
3314,4,1,0,0
3206,52,0,0,0
3219,52,0,0,0
3296,52,1,0,0
3323,52,0,0,1
3260,4,1,0,1
3198,52,1,1,0
3269,52,0,0,0
3287,12,0,0,1
3227,12,1,0,1
3279,0,0,0,1
3200,24,0,0,0
3376,12,0,0,1
3289,4,0,0,1
3315,12,1,0,0
3268,0,0,0,0
3222,12,0,0,1
3203,24,0,1,0
3256,12,0,0,0
3298,24,0,0,1
3310,0,0,0,1
3357,12,1,0,1
3352,0,0,0,1
3228,52,1,0,1
3375,4,1,0,1
3251,0,1,0,1
3200,52,0,0,1
3233,0,1,0,1
3340,24,0,0,1
3285,12,1,0,0
3367,4,0,0,0
3288,0,0,0,0
3249,0,0,0,0
3384,24,1,0,1
3275,12,0,0,0
3240,12,0,0,0
3331,4,0,0,0
3326,24,1,0,0
3263,12,0,0,0
3325,24,1,1,1
3248,4,0,0,0
3220,52,0,1,0
3327,4,1,0,0
3328,4,1,0,0
3302,0,0,0,1
3248,24,1,0,1
3196,24,1,0,0
3209,12,1,0,0
3243,52,1,0,1
3362,4,0,0,0
3241,0,0,0,0
3250,12,0,0,0
3369,12,1,0,0
3356,24,1,0,0
3375,24,1,0,0
3193,24,0,0,1
3300,12,0,0,1
3285,0,0,0,0
3382,12,1,0,1
3291,52,0,0,0
3363,12,1,0,1
3289,12,0,0,0
3380,12,0,0,0
3384,52,0,0,0
3197,12,1,0,1
3225,24,1,0,0
3210,52,1,0,1
3286,4,1,0,1
3210,52,1,0,0
3196,4,1,0,0
3347,4,0,0,0
3202,4,0,0,1
3317,4,1,0,0
3243,52,1,0,1
3231,0,1,1,0
3327,52,1,0,0
3201,52,1,0,0
3313,52,1,0,0
3382,24,0,0,0
3376,24,1,0,0
3297,24,0,0,1
3262,24,0,0,0
3203,52,1,0,1
3269,0,0,1,0
3278,52,0,0,1
3246,4,1,0,1
3291,4,0,0,1
3273,12,0,0,1
3205,52,1,1,1
3197,12,1,0,0
3377,4,1,0,1
3193,0,1,0,0
3227,52,0,0,1
3307,0,1,0,1
3288,24,0,0,1
3224,4,1,0,0
3365,4,0,0,1
3222,0,1,0,0
3300,12,1,0,0
3228,4,1,0,1
3218,4,1,0,1
3311,0,1,0,0
3212,52,0,0,0
3252,24,0,0,1
3223,24,0,0,1
3318,24,1,0,1
3340,0,1,0,0
3220,12,1,1,1
3285,52,1,0,1
3375,4,0,0,0
3248,24,1,0,0
3278,24,1,0,0
3246,0,1,0,0
3309,52,0,0,0
3369,12,1,0,1
3229,24,0,1,0
3269,52,1,0,1
3370,12,0,0,0
3315,4,1,0,1
3261,24,0,0,0
3371,24,0,0,1
3226,0,0,0,0
3193,4,0,0,0
3288,4,0,0,0
3212,0,1,0,0
3298,12,1,0,1
3344,12,1,0,0
3317,12,1,0,1
3202,0,1,0,0
3351,4,1,0,0
3195,24,0,0,1
3219,0,1,0,0
3263,4,1,0,1
3204,24,1,0,0
3256,52,1,0,1
3257,52,0,0,0
3311,24,1,0,0
3359,24,0,0,1
3312,12,0,0,0
3297,12,1,0,1
3337,12,1,0,1
3347,0,1,0,1
3214,12,0,0,0
3376,24,0,0,0
3366,0,0,0,0
3206,52,1,0,0
3345,24,1,0,1
3236,0,0,1,1
3301,12,1,0,1
3262,4,0,0,1
3293,0,0,0,1
3380,0,1,0,1
3357,52,0,0,1
3218,12,0,0,0
3259,0,1,0,1
3319,24,0,0,0
3315,0,0,0,1
3296,52,1,0,1
3357,52,0,0,0
3232,12,1,0,1
3250,12,1,0,1
3322,0,0,0,0
3306,12,1,0,1
3300,52,1,0,0
3348,12,0,0,1
3325,0,0,0,1
3362,24,1,0,1
3254,52,0,0,0
3354,0,1,0,1
3194,24,1,0,1
3256,12,1,0,0
3363,4,1,0,1
3361,12,0,1,0
3309,24,1,0,1
3438,24,0,1,1
3491,4,1,0,1
3531,12,1,0,1
3557,52,0,0,1
3448,52,0,0,0
3412,4,1,0,1
3608,4,0,0,0
3574,12,0,0,0
3465,52,1,0,1
3518,52,1,0,1
3662,0,1,0,0
3474,12,1,0,0
3436,12,0,0,0
3565,4,0,0,0
3613,12,1,0,0
3443,24,1,0,1
3450,52,1,0,1
3610,12,0,1,1
3414,52,1,0,1
3509,52,1,0,0
3632,0,0,0,0
3427,12,0,0,1
3451,52,1,1,0
3416,12,0,0,1
3492,4,0,0,0
3448,4,0,0,1
3412,24,0,0,1
3387,24,0,1,1
3624,24,1,1,1
3519,24,1,1,1
3572,24,0,0,1
3444,52,0,0,0
3550,24,0,0,0
3629,0,0,0,0
3567,4,0,0,1
3558,0,0,0,1
3416,12,0,0,0
3421,24,1,0,1
3653,12,1,0,1
3467,12,0,0,1
3466,4,0,0,1
3508,0,0,0,0
3574,12,1,0,1
3442,24,1,0,0
3622,4,0,1,1
3398,0,1,0,1
3394,52,1,0,0
3440,52,0,0,1
3399,4,0,0,1
3498,4,0,0,1
3642,52,0,0,0
3595,0,1,0,1
3584,0,1,0,0
3625,0,0,0,1
3551,0,0,0,1
3645,4,1,0,0
3456,12,0,0,1
3474,4,0,0,0
3419,0,0,0,1
3419,12,1,0,0
3567,52,0,0,1
3533,0,1,0,0
3430,24,1,0,1
3456,24,0,0,0
3575,12,0,0,1
3481,0,0,0,0
3596,12,1,0,1
3652,4,0,0,0
3487,4,0,0,0
3532,24,0,1,0
3410,24,0,1,0
3530,0,1,0,1
3517,4,0,0,0
3423,12,0,0,0
3636,52,1,0,1
3593,4,1,0,0
3431,24,0,0,0
3555,12,1,0,1
3462,52,1,0,1
3507,4,0,0,0
3524,12,1,0,0
3589,12,1,1,1
3547,4,1,0,0
3407,12,0,0,1
3609,24,0,0,1
3573,4,0,0,1
3602,24,1,0,1
3432,24,1,0,1
3582,4,1,1,0
3543,4,1,0,0
3496,4,0,0,0
3394,52,0,0,1
3575,0,0,0,0
3527,0,1,1,0
3593,0,1,1,1
3398,4,0,1,0
3407,12,0,0,0
3588,12,1,0,1
3619,0,1,1,1
3452,12,1,0,0
3503,12,0,0,1
3551,24,1,0,0
3465,12,1,0,0
3496,12,0,0,0
3544,0,1,0,1
3650,0,0,0,0
3433,12,1,0,0
3434,12,1,0,0
3548,4,0,0,0
3515,12,0,0,0
3647,12,1,0,1
3629,52,0,0,1
3655,24,1,0,0
3391,0,0,0,1
3592,0,0,0,1
3515,24,0,0,0
3647,52,0,0,0
3468,0,1,1,0
3482,52,0,0,0
3499,24,0,0,0
3661,24,0,0,1
3537,0,0,0,0
3631,12,1,0,0
3618,24,1,0,1
3544,4,1,0,1
3470,24,1,0,1
3660,12,0,0,1
3434,0,0,0,1
3569,12,0,0,1
3458,4,0,0,1
3438,0,0,0,0
3563,0,0,1,0
3637,0,1,0,1
3454,4,0,0,0
3470,4,0,0,0
3606,4,1,0,1
3532,52,1,1,0
3443,52,0,0,1
3427,52,0,0,0
3625,52,0,0,1
3593,12,1,0,0
3466,4,1,0,0
3476,0,0,0,0
3392,12,1,0,0
3498,12,0,0,1
3389,0,0,0,0
3479,52,0,0,1
3465,24,1,0,1
3437,12,0,0,1
3657,4,0,1,0
3656,12,1,0,1
3571,12,1,0,0
3403,4,0,0,0
3611,0,1,0,1
3466,0,0,0,1
3608,24,1,0,1
3651,52,1,0,1
3646,24,1,0,0
3634,12,0,0,1
3533,24,0,0,1
3437,0,1,0,0
3405,24,0,0,0
3585,0,1,1,0
3526,4,0,0,1
3626,4,0,0,0
3655,0,0,0,0
3588,24,1,0,0
3441,4,1,1,0
3457,24,1,0,1
3644,4,1,0,1
3536,12,1,0,1
3413,0,0,0,0
3610,0,1,0,0
3412,52,1,0,0
3494,24,1,0,1
3525,0,0,0,0
3650,24,1,0,0
3627,0,1,0,0
3449,0,1,0,1
3451,0,0,0,0
3569,12,0,0,0
3420,24,0,0,1
3513,4,1,0,0
3499,4,1,0,1
3488,0,1,0,1
3455,12,0,0,1
3439,4,1,0,1
3497,0,1,0,1
3462,52,1,0,0
3661,24,1,0,0
3578,4,1,0,1
3461,0,1,0,0
3495,12,1,0,1
3579,52,0,0,0
3487,12,1,0,1
3648,24,0,0,1
3436,52,0,0,0
3648,12,1,0,1
3534,4,1,0,0
3431,4,0,0,1
3433,12,0,0,1
3475,52,0,0,0
3593,12,0,1,1
3549,52,1,0,1
3590,12,1,0,0
3458,12,1,0,0
3624,4,1,0,0
3397,4,0,0,0
3416,0,1,0,1
3557,4,1,0,1
3507,4,0,1,1
3644,4,1,0,0
3480,4,1,1,1
3582,52,1,0,0
3429,24,1,0,1
3437,4,0,0,1
3659,24,1,0,0
3558,24,0,1,0
3599,12,1,0,0
3569,52,0,0,0
3641,4,1,1,0
3628,0,0,0,0
3448,24,1,0,1
3452,52,0,0,0
3520,0,0,0,1
3436,12,1,1,1
3390,24,0,0,1
3423,4,1,0,1
3554,24,0,0,1
3616,24,1,0,0
3534,0,1,0,1
3618,4,1,1,0
3556,12,1,0,1
3469,12,1,0,1
3621,24,0,0,1
3491,0,1,0,1
3658,52,1,0,1
3537,24,0,0,1
3391,0,0,0,0
3548,52,1,0,0
3570,52,1,0,0
3443,4,0,0,0
3505,4,0,0,1
3571,4,0,0,1
3512,0,1,0,0
3421,24,0,0,0
3415,12,0,0,0
3453,4,0,0,1
3410,52,1,0,1
3469,24,0,0,0
3643,24,0,0,1
3464,0,0,0,1
3547,0,0,0,1
3492,52,0,0,0
3470,24,0,0,0
3560,12,1,1,0
3627,24,1,0,1
3538,4,0,0,0
3402,4,0,0,1
3407,4,0,0,1
3485,12,1,1,0
3629,0,0,0,1
3511,0,1,0,0
3540,52,1,0,0
3545,4,0,0,1
3606,12,0,0,1
3440,52,1,0,1
3522,4,1,0,1
3529,52,1,0,0
3453,0,0,0,0
3505,4,0,0,0
3520,12,1,0,0
3566,24,0,0,1
3637,4,0,0,0
3396,12,0,0,1
3589,52,0,0,1
3447,0,1,0,1
3553,0,1,0,0
3409,4,1,0,0
3405,0,1,0,0
3542,12,0,0,0
3631,4,1,0,0
3643,12,1,0,0
3483,52,1,0,1
3573,12,0,0,1
3528,24,0,0,1
3602,12,0,0,0
3490,12,1,1,1
3563,24,1,0,1
3514,12,1,1,1
3406,52,1,0,1
3494,4,0,0,1
3399,4,1,0,0
3472,52,0,1,1
3561,12,0,0,1
3439,12,0,0,0
3576,52,0,0,0
3425,4,1,0,1
3479,12,1,0,1
3459,24,1,0,1
3612,0,1,0,0
3501,12,1,0,1
3475,52,1,0,1
3557,52,1,0,0
3524,4,1,0,0
3450,24,0,0,0
3649,24,0,0,1
3600,52,0,1,1
3450,24,1,0,0
3640,52,1,0,0
3568,0,0,0,0
3444,4,1,0,1
3430,52,0,0,1
3403,4,1,1,1
3560,52,1,0,1
3449,52,0,0,0
3465,24,0,0,0
3587,24,0,0,0
3660,4,0,0,1
3443,52,0,0,0
3485,12,0,0,1
3632,0,0,0,0
3655,4,0,0,1
3633,12,0,0,1
3582,52,1,0,1
3477,4,1,0,0
3636,52,1,0,0
3563,12,1,0,0
3641,52,0,0,0
3508,24,0,0,1
3601,0,1,0,0
3599,12,1,0,1
3523,0,1,0,1
3430,0,0,0,0
3654,24,1,0,0
3393,0,1,0,1
3662,12,0,0,1
3535,0,1,0,1
3619,12,0,1,0
3428,4,0,0,0
3442,4,1,0,1
3659,0,0,0,1
3639,12,0,0,0
3623,4,0,0,1
3390,52,1,0,0
3661,12,0,0,0
3399,12,1,1,1
3656,0,0,0,0
3468,24,0,0,0
3656,24,0,0,1
3568,0,1,0,0
3462,12,0,0,1
3580,52,0,0,0
3653,4,0,0,0
3659,12,1,0,1
3427,24,1,0,1
3395,52,1,0,0
3493,52,0,1,0
3596,52,0,1,1
3622,12,1,1,0
3658,0,0,1,0
3579,24,1,0,1
3504,4,0,0,0
3647,52,1,0,0
3572,24,0,0,0
3645,0,0,0,1
3642,0,0,0,1
3452,24,1,0,1
3641,12,1,1,1
3624,12,1,1,1
3639,12,1,0,1
3529,4,0,0,1
3638,52,0,1,0
3635,52,0,0,0
3599,0,0,0,1
3602,12,1,0,1
3635,24,1,0,1
3634,12,1,0,0
3508,0,0,0,0
3633,12,1,1,0
3595,24,1,0,1
3633,0,1,0,0
3570,52,0,0,1
3633,52,0,0,1
3616,52,0,0,0
3623,4,0,0,0
3577,24,1,0,1
3632,0,0,0,1
3397,4,0,0,0
3524,24,1,0,1
3607,12,1,0,1
3479,52,0,0,0
3552,24,0,0,0
3620,52,0,0,0
3620,12,1,0,1
3619,24,0,1,0
3618,24,0,0,1
3555,52,1,0,1
3577,4,0,0,0
3614,4,0,0,0
3583,12,0,0,1
3614,24,0,0,0
3612,4,0,0,1
3463,4,1,1,0
3408,12,0,0,0
3540,4,0,0,0
3414,12,1,0,0
3660,12,0,0,0
3527,24,0,0,1
3611,0,1,0,0
3559,24,1,1,0
3610,24,1,0,0
3610,24,1,1,1
3488,24,1,0,0
3409,24,0,0,1
3490,12,1,1,1
3650,4,1,0,1
3607,52,1,0,0
3576,12,0,0,1
3605,24,1,0,0
3605,12,1,0,0
3605,0,0,0,1
3604,4,1,0,0
3604,24,1,0,0
3603,0,0,0,0
3603,4,0,0,1
3587,24,0,0,1
3510,52,0,1,0
3503,52,0,1,0
3538,0,1,0,0
3601,24,1,0,0
3613,0,0,0,1
3637,52,1,0,0
3516,0,0,0,0
3410,52,0,0,0
3600,0,0,0,1
3520,4,1,0,1
3598,24,1,0,1
3598,4,0,0,1
3573,12,1,0,0
3553,4,1,0,0
3539,12,1,0,1
3388,24,0,0,0
3584,52,1,0,1
3592,0,0,0,0
3411,12,1,0,0
3591,0,1,1,0
3591,52,0,0,0
3591,4,0,1,1
3591,12,1,1,1
3589,24,0,1,0
3536,0,1,0,1
3587,0,1,0,0
3587,12,1,0,1
3586,24,0,0,0
3549,52,1,0,0
3476,52,1,0,1
3548,4,1,0,1
3500,0,0,0,0
3585,4,1,1,1
3584,4,1,0,0
3483,24,0,0,0
3527,12,1,0,0
3547,0,1,0,0
3554,52,0,0,0
3653,4,1,0,1
3580,12,0,0,1
3611,12,0,0,0
3585,12,1,1,1
3579,52,1,0,0
3546,12,1,0,0
3400,12,1,0,0
3578,12,1,0,0
3577,24,0,0,0
3471,4,0,1,0
3574,52,0,0,0
3496,12,0,0,1
3567,4,1,0,0
3571,24,1,0,1
3420,4,1,0,0
3570,52,0,0,0
3615,24,1,1,1
3562,24,0,0,1
3574,0,0,0,1
3566,12,0,0,0
3566,12,1,0,0
3619,4,0,1,1
3552,4,0,0,0
3565,4,1,0,1
3390,24,0,0,0
3565,52,0,0,1
3564,4,1,0,0
3562,24,1,0,1
3487,4,0,0,0
3609,24,0,0,0
3411,0,0,0,0
3559,0,1,1,0
3559,4,1,0,1
3419,12,0,0,1
3556,24,1,0,0
3506,4,1,0,0
3448,4,1,0,0
3506,24,1,0,1
3512,12,1,0,1
3621,4,0,0,0
3510,4,0,0,1
3552,24,1,0,1
3473,12,1,0,1
3553,24,1,0,1
3434,4,1,0,1
3546,12,1,0,0
3404,4,1,0,0
3595,24,1,0,0
3631,12,1,0,1
3544,12,1,0,0
3429,0,1,0,0
3586,52,1,0,0
3544,0,0,0,0
3499,12,0,0,1
3598,0,1,0,0
3638,12,0,0,1
3409,12,0,0,0
3543,24,0,0,1
3542,0,0,0,0
3580,12,1,0,0
3541,4,0,1,0
3628,52,1,0,0
3453,52,0,0,1
3594,52,1,0,1
3435,52,0,0,0
3540,0,1,0,1
3617,52,1,0,0
3509,52,1,0,1
3657,4,0,0,0
3538,12,0,0,1
3512,12,1,0,0
3428,52,0,0,0
3536,52,1,0,0
3598,12,1,0,0
3535,24,0,0,0
3535,52,0,0,1
3489,4,0,0,1
3534,4,1,0,1
3514,0,1,0,0
3531,24,0,0,1
3396,0,1,1,0
3632,0,1,0,1
3644,24,0,0,0
3530,24,1,0,0
3581,12,0,0,0
3528,0,0,0,0
3528,12,1,0,1
3635,12,0,0,1
3545,4,0,0,1
3558,12,0,0,1
3585,0,0,1,0
3521,4,0,0,0
3442,0,0,0,1
3521,24,0,1,1
3521,24,1,0,0
3519,4,0,0,0
3519,0,0,0,0
3489,24,0,0,0
3517,24,1,0,1
3487,0,1,0,1
3516,4,0,0,1
3512,4,1,0,1
3631,0,0,0,1
3510,0,0,0,1
3660,24,1,0,0
3518,52,0,0,1
3497,12,0,0,0
3506,24,0,1,0
3537,12,1,0,1
3506,4,0,0,1
3504,12,0,0,0
3502,4,0,0,1
3501,52,0,0,1
3477,52,0,0,0
3533,52,0,1,0
3516,4,1,0,1
3497,52,0,0,0
3549,0,0,0,0
3492,4,0,0,1
3601,4,0,0,1
3490,12,0,0,0
3557,12,0,0,0
3489,52,0,0,1
3488,24,0,0,0
3419,52,1,0,0
3517,12,0,0,1
3563,12,1,0,1
3561,0,1,0,0
3485,12,0,1,1
3531,24,1,0,0
3484,12,0,0,1
3483,12,0,0,1
3482,24,0,0,0
3543,24,0,0,0
3594,4,1,0,1
3607,24,0,0,1
3565,4,0,0,0
3457,4,0,0,1
3580,24,1,0,1
3420,52,1,0,0
3550,0,0,0,1
3478,12,1,0,1
3418,52,1,0,1
3475,52,1,0,1
3473,4,0,0,0
3473,0,1,0,1
3472,4,0,1,0
3471,0,1,0,1
3469,24,1,0,0
3468,0,1,0,1
3467,52,1,0,0
3467,4,1,0,1
3555,4,0,0,0
3464,12,1,0,0
3481,52,0,0,1
3463,24,1,1,1
3463,0,0,1,1
3462,12,1,0,0
3536,12,0,1,0
3459,4,0,0,1
3626,24,0,1,1
3493,24,1,0,1
3551,24,0,0,0
3549,0,0,0,1
3483,0,1,0,0
3455,24,0,1,0
3455,4,0,0,1
3454,12,0,0,0
3446,52,0,0,0
3454,4,1,0,1
3454,4,1,0,1
3579,24,0,0,1
3583,12,1,0,0
3647,52,0,0,1
3558,0,1,0,0
3447,24,0,0,0
3446,52,0,0,0
3481,0,1,0,0
3396,12,0,0,1
3654,52,0,0,0
3402,12,1,0,0
3442,12,1,0,0
3389,52,1,0,1
3441,52,1,0,1
3648,12,1,0,0
3408,52,1,0,1
3641,12,1,1,1
3582,0,1,0,1
3401,24,1,0,0
3606,12,1,0,0
3495,4,0,0,1
3433,12,0,0,0
3531,24,1,0,0
3431,0,1,0,0
3429,12,1,0,0
3461,52,1,0,1
3429,52,0,0,1
3522,24,0,0,0
3576,52,0,0,1
3515,4,0,0,1
3387,4,1,0,0
3428,12,1,0,1
3426,4,0,0,0
3426,12,1,0,1
3592,0,0,0,1
3424,4,1,0,0
3423,12,0,0,1
3408,24,1,0,1
3422,4,1,0,0
3556,12,1,0,0
3523,0,0,0,0
3578,4,1,0,0
3625,12,0,0,0
3522,52,0,0,1
3608,4,1,0,1
3615,4,0,1,0
3640,4,0,0,0
3584,0,1,0,1
3392,52,0,0,1
3658,0,0,0,1
3413,24,0,0,1
3413,0,0,0,1
3661,4,0,0,1
3408,4,1,0,0
3406,52,1,0,1
3395,12,1,0,0
3562,12,0,0,0
3405,0,1,0,1
3405,12,0,0,1
3402,24,0,0,0
3401,4,0,0,0
3401,24,0,0,1
3400,24,1,0,1
3439,4,1,0,0
3435,24,1,0,1
3409,4,0,0,1
3455,12,0,0,0
3395,24,1,0,1
3397,52,1,0,1
3530,52,0,0,1
3394,4,0,0,0
3406,12,1,0,0
3393,0,1,1,0
3460,52,1,0,1
3573,24,1,1,0
3392,12,0,0,0
3639,52,0,0,0
3404,52,1,0,0
3390,4,1,1,1
3642,12,1,0,1
3640,52,0,0,1
3389,12,0,0,1
3472,4,1,0,1
3606,52,1,0,0
3449,0,1,0,0
3427,12,1,0,0
3387,4,0,0,1
3561,52,1,0,1
3597,0,1,0,0
3500,12,1,0,0
3514,24,0,1,0
3583,0,0,0,1
3500,4,0,0,1
3508,4,1,0,1
3498,12,1,0,0
3446,52,0,0,1
3646,12,1,0,1
3602,4,1,0,0
3398,12,1,0,0
3617,4,1,0,1
3466,52,0,0,0
3577,0,1,0,1
3621,12,0,0,1
3662,12,0,0,0
3421,24,0,0,1
3559,0,0,0,1
3621,0,0,0,0
3652,0,1,0,0
3446,52,0,0,1
3505,12,1,0,1
3393,24,1,0,1
3403,52,0,0,0
3444,4,0,0,1
3449,4,1,0,1
3513,24,1,0,1
3415,0,1,0,1
3626,52,1,1,0
3490,4,1,1,0
3424,52,1,0,1
3623,12,0,0,1
3534,12,1,0,0
3469,4,1,0,1
3613,12,0,0,0
3614,52,1,0,1
3572,4,0,0,1
3438,52,0,1,1
3627,12,1,0,1
3596,52,0,0,0
3590,52,1,1,1
3635,24,0,0,0
3435,52,0,0,1
3447,0,1,0,1
3627,4,0,0,0
3524,0,0,0,1
3404,12,0,0,1
3522,52,1,0,0
3464,12,1,0,1
3457,4,0,0,0
3540,12,1,0,1
3642,24,0,0,0
3440,0,1,0,0
3494,24,0,0,0
3441,4,1,1,0
3441,52,1,0,1
3472,4,0,0,0
3597,0,1,0,1
3643,24,1,0,1
3597,24,0,0,1
3581,12,1,0,0
3423,4,1,0,0
3495,52,1,0,0
3511,12,1,0,1
3651,12,0,0,0
3611,4,0,0,1
3388,52,0,0,0
3425,24,0,0,0
3464,24,1,0,0
3617,4,1,0,0
3432,52,0,0,1
3435,24,0,0,0
3503,4,1,0,1
3389,12,1,0,0
3644,0,1,0,1
3648,52,1,0,0
3581,24,0,0,1
3391,24,0,0,1
3654,0,1,0,1
3646,12,0,0,0
3657,0,1,1,1
3502,12,0,0,0
3538,12,0,0,1
3568,0,0,0,1
3493,24,1,0,0
3476,24,0,0,1
3458,12,1,0,1
3460,0,0,0,0
3541,0,1,1,0
3471,52,0,1,0
3444,52,0,0,0
3572,0,1,0,0
3590,12,0,0,1
3608,24,1,0,0
3551,12,0,0,1
3658,0,1,0,0
3411,12,0,0,1
3600,0,1,0,0
3566,0,0,0,1
3415,12,1,0,0
3612,0,0,0,0
3539,52,0,0,0
3541,0,0,0,1
3518,4,1,0,0
3412,24,0,0,0
3391,24,1,0,0
3555,12,1,0,0
3507,52,1,0,0
3624,0,0,0,0
3639,12,0,0,1
3392,52,1,0,1
3397,4,0,0,1
3525,4,0,0,1
3400,52,1,0,1
3503,12,0,1,0
3494,52,0,0,0
3553,0,1,0,1
3425,52,1,0,0
3489,24,1,0,0
3513,4,1,0,1
3460,0,0,0,1
3456,52,0,0,0
3491,4,0,0,0
3403,0,0,1,1
3431,52,1,0,1
3422,0,0,0,0
3542,4,1,0,1
3628,12,1,0,1
3550,24,1,0,1
3388,12,0,0,1
3480,0,1,1,0
3570,4,1,0,1
3564,4,0,0,1
3588,24,0,0,1
3519,0,0,0,1
3445,12,0,0,1
3567,24,0,0,0
3513,0,1,0,0
3662,12,1,0,1
3432,0,1,0,0
3657,24,1,0,1
3461,12,0,0,1
3476,0,1,0,0
3410,12,0,0,1
3588,12,0,0,0
3499,0,1,0,0
3434,24,1,0,0
3474,0,0,0,1
3445,12,0,0,0
3546,12,1,0,1
3571,24,1,0,0
3636,24,1,0,1
3387,12,0,0,0
3479,24,1,0,0
3424,24,0,0,0
3529,4,1,0,0
3586,52,0,0,1
3595,4,1,0,0
3416,24,0,0,0
3628,52,0,1,1
3535,12,0,0,0
3421,4,0,0,0
3473,52,1,0,0
3453,24,1,0,0
3609,12,1,0,0
3461,12,0,1,0
3439,24,0,0,1
3634,52,0,0,1
3497,24,0,0,1
3477,4,0,0,1
3493,12,1,0,1
3614,52,1,0,1
3526,12,1,0,0
3486,12,0,0,0
3401,12,1,0,1
3645,24,1,0,0
3586,52,1,0,1
3470,0,0,0,1
3407,12,0,0,0
3501,4,0,0,0
3517,0,1,0,0
3523,52,0,0,0
3651,24,1,0,0
3560,0,1,0,1
3418,24,0,0,0
3467,4,1,0,0
3511,4,0,0,1
3539,52,0,0,1
3543,12,1,0,1
3406,0,1,0,0
3491,0,0,0,0
3547,12,0,0,1
3615,4,0,1,0
3652,52,0,0,1
3554,24,0,0,0
3548,24,1,0,1
3532,0,0,0,1
3528,52,0,0,0
3523,12,1,0,1
3533,12,1,0,1
3609,24,0,0,1
3458,0,0,0,0
3630,12,0,1,1
3463,4,0,1,0
3527,52,1,1,1
3424,4,1,0,1
3482,12,0,0,1
3656,0,0,1,0
3460,0,1,0,0
3575,52,0,0,1
3622,52,1,1,0
3516,12,0,0,0
3486,4,1,0,1
3649,52,1,0,0
3562,4,0,0,0
3623,52,1,0,0
3604,0,1,0,1
3603,52,1,0,0
3564,4,0,0,0
3655,4,0,0,1
3402,0,0,0,1
3626,24,0,1,1
3457,24,0,0,0
3594,52,0,0,0
3620,0,0,1,0
3404,24,0,0,1
3560,24,1,1,0
3459,12,1,1,0
3556,0,1,0,1
3590,52,1,1,0
3478,4,0,0,1
3597,24,1,0,0
3612,52,0,0,1
3414,52,0,0,1
3596,12,0,0,0
3625,52,1,0,0
3398,4,1,0,1
3451,12,0,1,1
3604,12,0,0,1
3554,12,1,0,1
3474,12,0,0,1
3600,12,0,0,0
3630,24,0,0,1
3478,52,1,0,0
3394,0,0,0,1
3510,0,0,0,0
3475,24,1,0,0
3594,24,1,0,0
3613,52,0,0,1
3589,24,0,0,0
3545,24,0,0,0
3433,52,0,0,1
3529,4,1,0,1
3645,0,1,0,1
3630,0,1,0,0
3581,24,1,0,1
3561,12,1,0,0
3592,0,1,0,0
3636,0,0,0,0
3426,4,0,0,0
3649,12,0,0,0
3653,24,1,0,0
3615,0,0,0,1
3518,52,1,0,0
3437,52,0,0,0
3400,52,0,0,0
3568,12,0,0,1
3422,12,1,0,1
3418,4,1,0,0
3422,4,1,0,1
3436,12,0,0,1
3399,4,0,0,0
3418,4,0,0,1
3395,12,0,1,1
3622,52,1,0,1
3537,4,0,0,0
3440,4,1,0,0
3426,52,1,0,1
3413,24,1,0,0
3485,12,1,1,0
3447,0,0,0,0
3396,12,1,0,0
3484,24,1,0,1
3550,0,1,0,0
3525,52,1,0,1
3646,24,0,0,1
3634,24,1,0,0
3459,52,0,0,0
3603,52,0,0,1
3486,24,0,0,1
3502,52,1,0,1
3526,24,0,0,0
3583,24,0,0,0
3509,4,0,0,1
3495,0,0,0,0
3539,0,1,0,0
3618,52,0,1,0
3480,52,1,1,1
3542,24,1,0,1
3617,0,1,1,1
3481,12,0,0,1
3451,24,1,1,1
3514,24,1,0,1
3576,24,0,0,0
3500,4,1,0,1
3616,52,1,0,1
3629,4,0,0,0
3432,0,1,0,0
3415,4,1,0,1
3526,0,0,0,1
3521,52,1,1,1
3643,12,1,0,0
3616,12,1,0,1
3428,24,0,0,1
3425,52,0,0,1
3430,12,0,0,0
3575,0,1,0,0
3552,24,1,0,1
3484,0,1,0,0
3504,12,0,0,1
3456,4,1,0,1
3477,12,1,0,1
3492,24,0,0,1
3637,0,0,0,1
3471,0,0,0,1
3484,52,1,0,0
3520,12,0,0,0
3651,4,0,0,1
3545,4,0,0,0
3445,4,0,0,0
3414,12,0,0,0
3478,52,1,0,0
3488,24,0,0,1
3486,24,0,1,0
3630,12,0,0,0
3638,24,1,0,1
3578,52,1,0,1
3607,4,1,0,0
3541,4,1,0,1
3605,4,1,0,1
3599,52,0,1,0
3509,52,0,0,0
3569,52,1,0,1
3650,0,0,0,1
3452,24,0,0,1
3496,52,1,0,1
3468,4,1,0,1
3601,4,0,0,1
3450,12,1,0,1
3411,52,1,0,1
3505,0,0,0,0
3652,24,1,0,1
3532,12,1,0,1
3525,4,0,0,0
3620,12,0,0,1
3654,24,1,0,1
3480,0,0,1,0
3445,12,0,0,1
3515,24,1,0,1
3502,24,0,0,0
3507,12,0,1,1
3482,24,0,0,1
3649,52,0,0,1
3393,12,0,0,0
3638,24,1,0,0
3504,52,1,0,1
3530,12,0,0,0
3564,4,0,0,1
3420,24,1,0,1
3546,0,1,0,1
3511,12,0,0,0
3659,12,1,0,0
3498,4,0,0,0
3438,12,0,1,0
3388,52,1,0,1
3640,24,0,0,1
3501,24,1,0,0
4471,4,1,0,0
4449,4,0,0,1
4591,12,0,0,0
4524,24,1,0,0
4377,0,0,0,1
4470,0,0,0,0
4403,4,1,0,0
4423,52,0,0,0
4393,24,0,0,1
4531,12,1,0,1
4376,52,1,0,1
4303,52,1,0,1
4576,24,1,0,1
4311,52,0,0,1
4398,52,0,0,1
4446,52,1,0,1
4540,12,1,0,1
4578,52,0,0,1
4548,0,1,0,1
4400,0,1,0,0
4460,4,0,0,0
4286,12,0,0,1
4373,12,0,0,1
4507,4,0,0,0
4299,0,1,0,1
4372,24,1,0,0
4427,4,1,0,1
4493,4,0,0,0
4509,0,0,0,1
4569,52,0,0,0
4296,52,1,0,0
4570,0,0,0,1
4369,4,1,0,0
4262,4,0,0,0
4336,12,1,0,0
4476,12,1,0,0
4552,52,0,0,1
4361,0,1,0,1
4280,0,1,0,0
4582,24,1,0,0
4267,12,1,0,1
4358,4,1,0,1
4584,52,1,0,0
4264,12,1,0,1
4379,4,0,0,0
4408,52,0,0,1
4378,0,0,0,0
4419,24,1,0,0
4379,0,0,0,1
4380,12,1,0,1
4381,0,1,0,1
4317,0,0,1,1
4415,52,1,0,1
4588,24,1,0,1
4261,12,1,0,1
4439,4,1,0,0
4309,0,0,0,0
4479,4,0,1,1
4327,4,1,0,0
4382,24,0,0,0
4587,24,0,0,1
4283,0,1,0,0
4373,52,1,0,0
4428,12,0,0,1
4383,4,1,0,0
4369,0,0,0,1
4384,0,0,0,1
4494,52,1,0,1
4266,12,0,0,1
4301,12,0,0,0
4506,52,0,0,1
4385,0,1,0,1
4557,4,1,0,0
4553,24,1,0,0
4446,52,0,0,1
4391,24,0,0,0
4591,52,0,0,1
4291,52,1,1,1
4516,12,0,0,1
4313,52,1,0,1
4509,12,1,0,1
4523,0,0,0,1
4411,12,0,0,0
4424,0,0,0,0
4526,12,1,0,0
4283,24,1,0,1
4415,4,0,0,1
4388,52,0,0,0
4287,24,1,0,0
4289,12,0,0,0
4529,12,0,0,0
4520,52,0,0,0
4265,24,0,0,1
4272,12,1,1,1
4357,0,0,1,1
4388,12,0,0,1
4315,24,1,1,0
4445,12,1,0,0
4269,0,1,0,1
4390,4,0,0,0
4300,4,1,0,1
4300,12,1,0,0
4336,0,1,1,1
4468,52,1,0,1
4445,52,1,0,0
4391,24,1,0,0
4264,0,1,0,0
4378,24,1,0,1
4366,0,0,0,1
4273,0,1,1,1
4430,0,0,0,0
4462,52,1,0,1
4501,4,0,0,0
4310,0,0,0,1
4392,52,1,0,1
4525,52,0,1,0
4274,52,1,0,0
4584,12,1,0,0
4312,4,0,1,1
4589,0,1,0,1
4438,12,1,0,1
4378,24,1,0,1
4374,24,0,0,0
4393,52,1,0,1
4451,12,1,0,0
4394,12,1,0,1
4541,0,1,0,1
4446,24,1,0,0
4395,4,0,0,1
4449,12,1,0,1
4528,0,0,0,0
4264,12,0,0,1
4298,12,1,0,1
4542,12,1,0,1
4555,24,0,0,1
4412,52,0,0,1
4295,0,0,0,1
4462,0,1,0,1
4560,4,1,0,1
4326,52,1,0,0
4335,12,0,0,1
4561,0,0,0,1
4561,12,0,0,1
4471,0,1,0,1
4536,0,0,0,0
4394,52,1,0,0
4291,24,1,1,1
4545,52,1,0,0
4473,24,1,0,0
4570,0,0,0,1
4340,0,0,0,1
4565,12,1,0,1
4314,4,1,0,1
4430,0,0,0,1
4364,0,0,0,1
4566,12,1,0,1
4344,12,0,0,1
4538,24,1,0,0
4423,12,1,0,0
4349,0,0,0,0
4457,4,1,1,1
4293,4,0,0,0
4496,4,1,0,0
4399,0,1,0,1
4266,24,0,0,0
4311,4,0,0,1
4516,52,0,0,0
4391,12,1,0,1
4535,4,0,0,0
4296,4,1,0,1
4560,52,0,0,0
4563,4,1,0,1
4438,4,1,0,0
4479,4,0,0,1
4319,4,1,0,1
4297,12,0,0,1
4586,24,1,0,0
4334,12,0,0,1
4593,0,0,0,1
4563,12,1,0,1
4401,12,0,0,0
4555,4,0,1,0
4493,24,1,0,1
4462,0,1,0,0
4402,12,1,0,1
4443,12,0,0,0
4281,52,0,0,1
4330,4,0,0,1
4342,24,0,0,1
4398,0,0,0,1
4331,52,0,0,1
4380,0,1,0,0
4321,0,1,0,0
4510,0,1,0,1
4367,12,1,0,0
4382,52,1,0,1
4381,24,0,0,0
4404,52,1,0,0
4385,4,0,0,1
4355,24,0,0,0
4565,24,0,0,0
4547,0,0,0,0
4405,0,0,0,1
4363,4,1,0,0
4586,24,1,0,1
4466,12,0,0,0
4405,52,0,1,0
4454,4,1,0,0
4532,52,0,0,0
4424,24,0,0,0
4444,0,0,0,0
4282,24,0,1,0
4518,52,1,0,0
4484,12,1,0,0
4443,24,0,0,0
4593,24,1,0,1
4508,12,0,0,1
4530,4,0,0,0
4505,24,1,0,1
4376,12,0,1,0
4489,0,1,0,1
4580,24,1,0,1
4550,52,0,0,1
4590,52,0,0,1
4372,52,0,0,0
4558,24,0,0,1
4332,24,1,0,0
4416,52,1,0,1
4408,0,1,0,0
4267,12,1,0,1
4396,0,0,1,0
4368,52,0,0,1
4494,12,1,0,1
4369,12,0,0,0
4536,52,1,0,1
4454,12,0,0,1
4343,52,0,0,1
4479,24,1,1,0
4504,24,0,0,1
4381,12,1,0,0
4432,24,0,0,1
4503,52,1,0,0
4347,24,1,0,0
4543,4,1,0,1
4265,12,0,0,1
4354,52,0,0,1
4358,0,1,0,1
4379,4,1,0,0
4468,52,1,0,0
4410,24,1,0,1
4301,52,1,0,0
4338,0,0,0,1
4287,4,1,0,1
4428,4,1,0,1
4554,12,1,0,0
4312,24,0,1,0
4356,12,1,1,1
4388,52,1,0,1
4353,52,1,1,0
4412,4,0,0,1
4461,24,0,0,0
4263,12,1,0,1
4411,0,1,0,1
4512,12,0,0,1
4320,4,1,0,0
4411,52,0,0,1
4290,52,0,0,1
4312,0,1,1,1
4368,52,0,0,0
4422,52,0,0,0
4463,12,1,0,1
4516,24,1,0,0
4375,4,1,0,0
4314,24,1,0,1
4464,24,0,0,0
4459,24,0,1,0
4489,4,0,0,1
4447,0,0,0,0
4431,12,0,0,0
4548,24,0,0,0
4414,24,1,0,1
4490,4,0,0,1
4331,12,0,0,0
4414,24,0,0,0
4381,4,1,0,1
4474,52,0,0,0
4425,0,0,0,0
4546,0,0,0,0
4405,24,1,0,1
4517,52,0,1,0
4414,0,0,0,0
4321,24,0,0,1
4501,12,0,0,1
4584,4,1,0,1
4515,52,1,0,0
4452,52,0,0,0
4434,52,0,0,1
4263,12,0,0,1
4423,0,1,0,1
4305,52,1,0,0
4463,0,1,0,0
4374,4,1,0,0
4453,52,0,0,0
4295,24,1,0,1
4523,4,1,0,0
4437,12,0,0,0
4393,12,1,0,0
4499,24,0,0,1
4355,24,0,0,1
4417,52,1,0,1
4417,24,1,1,0
4441,12,1,0,0
4403,4,1,0,0
4508,24,0,0,1
4467,24,0,0,0
4442,52,1,0,0
4399,4,0,0,0
4396,52,1,1,1
4398,52,0,0,0
4586,4,1,0,1
4418,0,1,0,0
4401,24,0,0,1
4579,24,1,0,0
4502,4,1,0,0
4498,12,0,0,1
4451,24,0,0,1
4516,24,1,0,1
4374,0,1,0,1
4475,0,1,1,0
4390,24,0,0,1
4421,52,1,0,1
4491,12,1,0,0
4421,24,0,0,1
4395,24,1,0,1
4359,24,0,0,0
4421,12,0,1,0
4536,0,1,0,0
4297,0,1,0,0
4332,12,0,0,1
4583,4,1,0,1
4558,4,1,0,0
4594,12,1,0,1
4482,4,1,0,0
4283,4,0,0,1
4556,0,0,0,0
4461,12,0,0,1
4374,12,0,0,1
4330,12,0,0,0
4522,4,1,0,0
4442,12,0,0,0
4477,12,1,0,0
4560,0,1,0,1
4355,52,0,0,1
4270,4,0,0,1
4319,52,0,0,1
4307,0,1,1,1
4573,24,1,1,1
4571,12,1,1,0
4437,4,0,0,1
4389,4,1,0,1
4546,24,1,0,0
4519,12,1,0,1
4425,24,0,0,1
4433,0,1,0,0
4380,52,0,0,0
4478,0,1,0,0
4337,12,1,0,0
4426,24,0,0,0
4400,0,1,0,1
4579,0,1,0,0
4439,24,1,0,1
4568,12,1,0,0
4465,24,0,0,0
4574,52,0,0,0
4506,52,1,0,0
4327,0,1,0,1
4350,4,0,0,1
4427,4,1,0,0
4364,52,0,0,0
4349,12,0,0,1
4561,24,0,0,0
4543,4,0,0,0
4524,24,0,0,1
4420,12,1,0,1
4341,24,1,0,0
4425,12,1,0,1
4551,24,1,0,1
4541,24,1,0,0
4550,24,0,0,0
4496,24,1,0,1
4274,12,0,1,0
4450,24,0,0,0
4322,0,1,0,0
4474,12,1,0,1
4277,12,0,0,0
4571,0,1,0,1
4274,12,1,0,1
4369,52,0,0,1
4315,52,1,1,1
4521,12,1,0,0
4449,0,0,0,0
4550,12,1,0,1
4320,24,0,0,1
4432,24,1,0,1
4536,0,0,0,1
4306,0,0,0,1
4411,24,0,0,0
4325,52,0,1,1
4467,12,1,0,1
4556,24,1,0,0
4304,24,1,0,0
4407,52,1,0,0
4306,4,1,0,1
4467,52,0,0,1
4588,12,0,0,1
4419,12,1,0,1
4528,24,1,0,0
4435,12,1,0,0
4503,0,0,0,1
4287,52,0,0,1
4513,24,1,0,1
4544,12,0,0,1
4419,0,1,0,1
4325,0,0,0,0
4568,12,0,0,1
4436,24,1,0,0
4437,52,0,0,1
4470,0,0,0,1
4344,0,0,0,0
4430,4,1,0,0
4453,52,1,0,1
4352,4,0,0,1
4283,4,1,0,0
4388,4,0,0,0
4427,0,0,1,0
4436,4,0,0,0
4362,4,0,1,1
4365,12,1,0,1
4453,12,1,0,1
4310,24,0,0,0
4529,4,0,0,1
4568,52,1,0,1
4440,12,0,0,1
4440,12,0,0,0
4323,12,1,0,0
4533,4,0,0,1
4480,4,1,0,0
4546,52,0,0,1
4370,4,0,0,1
4486,4,1,0,1
4509,12,1,0,0
4525,12,1,1,1
4593,4,0,0,0
4321,52,0,0,0
4556,0,1,0,1
4371,24,0,0,0
4524,12,1,0,1
4361,52,1,0,0
4525,52,1,0,0
4552,52,0,1,0
4443,52,1,0,1
4432,24,0,0,0
4572,52,1,0,1
4346,0,0,0,0
4494,24,1,0,0
4471,12,0,1,1
4346,52,0,0,1
4304,0,0,0,1
4379,4,1,0,1
4280,52,1,0,1
4495,4,1,0,0
4303,4,1,0,0
4407,24,1,0,1
4555,0,0,0,1
4469,4,0,0,1
4527,52,1,0,0
4547,0,0,0,1
4447,4,0,0,0
4507,0,0,0,0
4448,0,0,0,1
4277,0,1,0,0
4504,24,0,0,1
4495,52,1,0,0
4573,4,1,0,0
4464,52,1,0,1
4377,12,0,0,0
4427,4,1,0,1
4340,52,0,0,1
4454,24,0,0,0
4329,0,0,0,0
4455,24,0,0,1
4526,12,1,0,1
4452,0,1,0,0
4429,4,0,0,1
4522,24,0,0,0
4331,0,1,0,1
4347,12,0,0,0
4368,12,1,0,1
4571,12,0,1,1
4571,4,1,0,0
4271,12,0,0,0
4339,4,0,0,0
4433,24,1,0,1
4383,12,1,0,0
4345,0,1,0,0
4268,4,0,0,1
4572,4,1,0,1
4481,52,1,0,0
4454,52,0,0,1
4366,4,0,0,0
4281,0,0,0,0
4457,24,0,0,1
4272,52,1,1,1
4271,12,0,0,0
4463,0,0,0,0
4483,24,1,0,0
4572,24,1,0,0
4366,24,1,0,1
4407,4,1,0,0
4574,52,0,0,1
4440,4,0,0,0
4365,52,1,0,0
4545,4,0,0,0
4293,24,0,0,1
4370,4,1,0,1
4384,0,1,0,0
4353,0,0,0,1
4395,0,1,0,0
4519,52,0,0,0
4404,12,1,0,1
4549,12,0,1,0
4319,12,1,0,0
4364,4,0,0,1
4317,24,1,0,0
4567,24,0,0,0
4326,4,0,0,1
4513,52,0,0,0
4423,52,1,0,1
4510,0,0,0,1
4553,52,0,0,1
4302,24,0,0,1
4295,0,1,0,0
4470,0,1,0,0
4532,24,1,0,0
4567,52,0,0,1
4363,12,1,0,1
4391,24,1,0,1
4470,0,0,0,1
4362,52,0,0,0
4337,4,0,0,0
4307,4,1,1,1
4342,24,1,1,0
4541,0,0,0,1
4538,12,0,0,0
4386,12,1,0,0
4408,4,1,0,1
4548,0,0,0,1
4389,12,1,0,0
4328,12,1,0,1
4397,12,0,0,1
4565,24,0,0,1
4522,0,1,0,1
4360,24,1,0,0
4360,0,0,0,1
4287,24,1,0,0
4359,4,0,0,1
4357,4,0,0,1
4580,12,1,0,1
4394,4,0,0,0
4566,12,0,1,0
4476,0,1,0,0
4358,52,1,0,0
4383,12,0,1,1
4577,0,0,0,1
4577,12,1,0,0
4309,12,1,0,1
4418,24,1,0,1
4337,52,0,0,1
4406,0,0,0,1
4449,4,0,0,0
4547,4,0,0,0
4448,4,0,0,0
4455,4,1,0,0
4291,24,0,0,0
4350,4,1,0,1
4475,24,0,1,1
4262,0,1,0,0
4526,24,0,0,1
4506,12,1,0,1
4520,0,0,0,1
4298,4,1,0,1
4505,0,1,0,0
4376,24,1,0,0
4545,12,1,0,1
4281,24,1,0,0
4282,4,0,1,1
4527,12,0,0,0
4354,24,1,0,0
4367,52,0,0,1
4353,24,0,0,0
4549,0,1,0,0
4506,0,0,0,0
4500,52,1,0,1
4285,24,0,0,0
4517,12,1,1,1
4557,4,0,1,0
4458,0,1,0,0
4439,0,1,0,0
4450,0,1,0,1
4550,24,1,1,0
4327,24,1,0,1
4581,4,0,0,1
4413,12,0,0,1
4333,52,1,0,1
4534,24,0,0,1
4587,12,1,0,0
4577,52,0,0,0
4333,24,0,0,0
4567,24,0,0,0
4592,52,1,0,1
4276,4,1,0,1
4535,0,1,0,1
4351,24,1,0,1
4324,24,0,0,1
4351,52,0,1,0
4434,52,1,0,0
4311,52,0,1,0
4393,12,1,0,0
4589,12,0,0,0
4401,4,0,0,0
4387,0,1,0,0
4290,4,0,0,1
4372,24,1,0,1
4552,24,1,0,1
4292,52,1,0,0
4358,24,1,0,0
4351,52,0,0,1
4589,4,0,0,1
4513,24,0,0,0
4284,52,0,0,0
4548,12,0,0,0
4581,52,1,0,0
4434,52,1,0,0
4325,52,0,0,0
4569,12,1,0,1
4475,24,1,1,0
4473,4,1,0,0
4559,52,0,0,1
4549,24,1,0,1
4328,52,1,0,0
4469,12,1,0,1
4555,12,0,0,0
4514,52,1,0,0
4530,52,0,0,1
4275,12,1,0,0
4438,12,0,0,0
4580,4,1,0,0
4574,12,0,0,0
4582,12,0,0,1
4590,0,1,0,0
4554,4,1,0,1
4491,52,0,0,1
4323,24,0,0,1
4472,52,1,0,1
4392,12,0,0,0
4456,24,1,0,1
4344,12,1,0,1
4366,52,0,0,0
4524,12,0,0,0
4490,0,0,0,0
4345,12,1,0,1
4345,12,0,0,1
4559,12,1,0,1
4344,24,0,0,0
4535,24,1,0,1
4265,12,1,0,0
4409,52,1,0,0
4367,0,1,0,1
4302,52,1,0,1
4370,12,1,0,0
4547,0,1,0,1
4406,52,1,0,1
4342,0,0,0,0
4429,24,0,1,0
4413,52,0,0,0
4277,24,1,0,1
4273,52,1,0,1
4343,12,0,0,0
4326,12,0,0,1
4405,12,0,1,0
4438,24,0,0,1
4365,0,0,0,1
4347,4,0,0,1
4325,12,1,0,1
4403,4,0,0,1
4417,52,1,0,0
4489,0,1,0,0
4314,52,0,0,0
4312,0,1,0,0
4356,0,0,1,0
4330,24,0,0,1
4412,24,1,0,0
4324,0,0,1,1
4594,52,1,0,1
4319,52,0,0,0
4585,52,1,1,0
4334,0,0,0,0
4336,24,0,1,0
4588,0,1,0,0
4561,12,1,0,0
4587,24,0,0,1
4276,52,1,0,0
4400,24,0,0,0
4267,12,0,0,0
4497,4,0,1,1
4268,4,0,0,0
4362,4,1,1,1
4269,12,0,0,1
4417,24,0,1,1
4558,12,0,0,0
4395,12,0,0,0
4377,52,0,0,0
4324,4,1,0,0
4444,52,0,0,1
4587,24,0,0,0
4322,24,0,0,1
4272,4,0,1,0
4293,4,1,1,0
4332,52,0,0,0
4352,0,0,0,1
4487,24,0,1,1
4545,4,1,0,1
4264,52,0,0,0
4330,0,0,0,0
4318,0,0,0,1
4563,0,1,0,0
4297,24,1,0,1
4376,0,0,0,1
4496,52,0,0,0
4447,12,1,0,1
4296,4,1,0,1
4328,12,0,0,0
4360,0,0,0,1
4425,0,1,0,0
4273,4,0,1,0
4431,4,1,0,0
4588,24,1,0,0
4422,4,0,0,0
4521,24,0,0,1
4301,24,0,0,1
4532,24,1,0,1
4327,4,1,0,0
4431,52,1,0,1
4400,24,1,0,1
4553,4,1,0,1
4356,0,1,0,1
4288,24,0,0,1
4593,4,0,0,0
4409,52,0,1,0
4367,24,0,0,0
4576,0,1,0,0
4569,0,1,0,0
4313,24,1,0,0
4485,4,1,0,0
4267,0,1,0,0
4583,0,0,0,1
4480,12,0,0,0
4371,52,0,0,1
4285,4,0,0,1
4420,52,1,0,0
4323,52,0,0,0
4592,24,0,0,0
4269,24,0,0,0
4442,24,1,0,1
4273,52,1,0,0
4322,52,1,0,0
4378,4,1,0,0
4473,24,1,0,1
4373,52,1,0,1
4504,4,0,0,0
4384,24,0,0,0
4523,24,1,1,0
4424,0,0,0,1
4278,24,1,1,0
4546,4,1,0,1
4329,52,1,0,0
4518,52,0,1,1
4364,52,0,0,0
4320,0,1,0,0
4433,24,0,1,1
4493,0,0,0,1
4261,52,1,0,0
4451,4,1,0,0
4293,24,1,0,1
4477,12,1,0,1
4416,24,0,0,0
4352,0,0,1,0
4469,0,1,0,0
4459,24,1,1,0
4482,12,0,0,1
4477,52,0,0,0
4483,12,1,1,0
4363,4,0,0,1
4509,4,1,0,0
4429,24,1,0,1
4318,12,0,0,0
4318,12,0,0,1
4317,24,1,0,0
4469,52,0,0,0
4278,24,0,1,1
4440,12,1,0,1
4270,4,1,0,0
4445,24,1,0,1
4316,52,0,0,1
4394,52,1,0,1
4315,12,0,1,0
4297,0,1,0,0
4488,0,1,0,0
4511,12,0,1,1
4491,0,0,0,1
4559,24,1,0,0
4458,52,0,0,1
4488,24,1,0,1
4483,4,1,0,1
4538,12,0,0,1
4277,0,1,0,1
4456,24,1,0,0
4445,4,0,0,1
4501,4,0,0,1
4590,0,0,0,0
4487,12,1,1,0
4338,4,0,0,0
4262,12,1,0,1
4326,0,1,0,0
4481,52,0,0,1
4551,24,1,0,1
4519,12,1,0,1
4315,52,1,1,1
4271,4,1,1,1
4537,24,1,0,0
4346,4,1,0,0
4502,12,1,0,1
4468,12,1,0,0
4332,12,1,0,1
4512,12,1,0,0
4517,12,0,1,0
4351,12,0,1,0
4280,24,0,0,1
4570,0,0,0,0
4382,4,0,0,1
4472,4,1,0,1
4270,52,1,0,1
4309,0,1,0,1
4495,4,1,0,1
4308,24,0,0,0
4490,52,0,0,1
4528,0,0,0,1
4496,24,0,0,1
4261,0,1,0,1
4383,52,0,0,1
4480,12,1,0,1
4299,12,0,0,0
4552,52,1,0,0
4336,12,0,0,1
4413,24,1,0,0
4399,52,0,0,1
4308,24,0,0,1
4307,12,0,0,0
4380,12,1,0,1
4373,12,0,0,0
4518,24,0,0,1
4592,52,1,0,1
4306,0,0,0,0
4323,12,0,0,1
4305,4,1,0,0
4435,4,0,0,0
4305,0,0,0,1
4361,24,0,0,1
4301,52,1,0,1
4292,0,1,0,0
4396,24,0,0,0
4482,24,1,0,0
4528,4,1,0,1
4306,52,1,0,0
4422,12,0,0,1
4441,0,0,0,1
4592,4,0,0,0
4302,12,1,0,0
4317,0,1,0,1
4514,24,1,0,1
4397,52,0,0,0
4282,12,1,1,1
4565,0,1,0,0
4452,52,0,0,1
4590,4,0,0,1
4334,0,0,0,0
4563,0,0,0,0
4300,4,1,0,0
4415,0,1,0,0
4288,0,0,0,0
4300,24,0,0,1
4582,4,1,0,0
4539,12,0,0,0
4308,12,1,0,0
4286,4,1,0,0
4505,12,1,0,1
4299,24,1,0,0
4446,52,0,0,0
4437,52,1,0,0
4537,0,0,0,1
4299,4,1,0,1
4298,4,1,0,0
4549,12,1,0,1
4304,24,0,0,1
4507,0,0,0,1
4531,4,1,0,1
4314,0,0,0,0
4404,4,0,1,0
4594,52,0,0,0
4508,12,0,0,0
4543,4,1,0,1
4295,12,1,0,0
4397,4,1,0,1
4503,52,0,0,1
4375,52,1,0,1
4551,24,1,0,0
4335,12,1,0,0
4510,0,0,0,0
4275,0,1,0,1
4505,4,0,0,0
4334,24,0,0,1
4290,0,1,0,0
4567,12,1,0,1
4403,0,0,0,1
4399,12,0,1,0
4356,0,1,0,0
4372,4,0,0,1
4349,0,1,0,0
4289,24,1,0,1
4436,4,0,0,1
4493,4,0,0,0
4410,24,0,0,0
4541,12,1,0,0
4279,4,0,0,1
4557,52,1,0,1
4531,24,1,0,0
4578,0,1,0,0
4387,52,1,0,1
4341,4,0,0,0
4370,4,1,0,0
4316,4,1,0,0
4276,52,1,0,1
4473,0,1,0,1
4542,52,1,0,0
4492,52,1,0,1
4285,4,0,0,0
4487,24,0,1,1
4489,12,0,0,0
4285,24,0,0,1
4580,12,0,0,0
4584,12,0,0,1
4284,24,0,1,1
4477,0,0,0,1
4578,12,0,0,0
4585,24,0,1,1
4409,24,0,0,1
4560,24,0,0,0
4465,12,1,0,1
4305,52,0,0,1
4266,0,1,0,1
4346,4,1,0,1
4591,12,1,0,0
4308,52,0,0,1
4570,0,1,0,0
4304,12,1,0,0
4289,4,1,0,0
4422,12,1,0,1
4450,0,1,0,0
4539,4,0,0,1
4579,4,0,0,1
4280,0,0,0,0
4335,24,0,0,1
4451,24,1,0,1
4402,52,1,0,1
4279,24,0,0,0
4527,52,0,0,1
4266,0,0,0,0
4452,4,0,0,1
4333,4,0,0,0
4341,12,0,0,1
4377,52,1,0,1
4337,12,0,0,1
4554,24,0,0,1
4415,52,0,0,0
4486,4,0,0,0
4554,0,1,0,0
4512,24,1,0,0
4585,4,1,0,0
4389,12,0,0,0
4278,0,0,1,1
4502,24,1,0,1
4559,52,1,0,0
4262,4,0,0,1
4576,4,0,0,1
4457,0,1,0,0
4311,12,0,1,0
4439,12,1,0,1
4486,24,1,0,1
4575,24,1,0,0
4322,12,1,0,1
4529,24,1,0,0
4551,0,0,0,0
4484,52,1,0,0
4406,4,0,0,0
4494,52,0,0,0
4573,0,1,0,1
4398,52,1,0,0
4479,0,1,1,0
4504,52,1,0,0
4407,24,0,0,1
4429,0,0,0,0
4466,24,0,0,1
4390,12,1,0,1
4575,24,0,0,1
4556,12,0,0,1
4465,24,0,0,1
4402,12,0,0,0
4435,4,1,0,1
4298,0,0,0,0
4371,52,0,0,0
4500,52,1,0,0
4271,24,1,1,1
4500,12,1,0,0
4443,4,1,0,1
4500,4,0,0,1
4290,4,0,0,0
4498,52,0,0,0
4484,4,1,0,1
4392,4,0,0,1
4462,4,1,0,0
4316,24,0,0,1
4498,0,0,0,0
4574,12,1,0,1
4497,24,0,1,0
4296,12,0,0,0
4444,24,1,0,0
4339,0,1,0,1
4497,12,0,1,0
4426,52,0,0,1
4499,4,0,0,0
4335,24,0,0,0
4279,52,0,0,0
4497,0,1,1,1
4534,0,0,0,0
4466,12,1,0,1
4543,24,1,0,0
4350,52,0,1,0
4461,0,0,0,1
4292,52,0,0,1
4578,0,0,0,1
4566,24,0,0,1
4455,0,1,0,0
4286,12,1,0,0
4583,24,1,0,0
4495,0,1,0,1
4511,0,1,1,0
4458,52,1,0,1
4481,0,0,0,0
4352,52,0,1,0
4276,12,1,0,0
4572,52,0,0,0
4275,52,1,0,1
4566,24,1,0,0
4426,4,1,0,0
4501,52,1,0,0
4510,0,0,0,0
4428,12,1,0,0
4360,4,0,0,0
4466,24,1,0,0
4456,0,0,0,0
4418,0,0,0,0
4569,4,0,0,1
4459,12,1,1,1
4511,52,0,1,1
4486,24,1,0,0
4426,0,1,0,1
4450,12,1,0,1
4349,24,0,0,1
4542,52,1,0,1
4492,24,0,0,0
4269,52,1,0,0
4368,4,1,0,0
4490,0,1,0,0
4544,0,0,0,1
4535,4,0,1,0
4586,4,0,0,0
4540,12,0,0,1
4343,52,0,0,1
4502,0,0,0,0
4514,0,0,1,0
4573,24,1,0,0
4362,0,0,0,0
4478,52,0,0,1
4499,0,0,0,0
4342,24,0,0,1
4447,12,1,0,1
4321,12,1,0,1
4390,24,0,0,0
4576,12,1,0,0
4371,4,1,0,1
4534,0,0,0,0
4409,24,0,0,1
4418,52,1,0,1
4359,0,0,0,1
4515,0,1,0,1
4476,24,1,0,1
4487,24,0,1,0
4355,4,0,0,0
4513,12,0,0,1
4307,0,0,0,0
4413,0,0,0,1
4448,12,1,0,1
4347,24,0,0,1
4274,4,0,0,1
4341,24,0,0,1
4340,0,0,0,0
4384,52,0,0,1
4359,52,0,0,0
4461,12,1,0,0
4594,24,1,0,0
4361,0,0,0,0
4313,0,0,0,1
4485,12,1,0,1
4482,0,1,0,1
4288,12,0,0,0
4476,4,0,0,1
4387,52,1,0,1
4329,24,0,0,1
4484,12,0,0,1
4499,12,0,0,1
4517,12,0,1,1
4284,24,0,0,0
4365,12,0,0,0
4421,24,1,1,0
4338,12,1,0,0
4289,0,1,0,1
4268,52,1,0,1
4350,52,1,0,0
4455,12,0,0,1
4263,52,0,0,0
4387,52,0,0,0
4441,12,1,0,1
4385,12,1,0,0
4521,24,1,0,1
4268,52,1,0,0
4583,12,1,0,0
4320,52,1,0,1
4275,52,1,0,0
4448,24,1,0,0
4436,12,0,0,1
4532,0,1,0,1
4396,24,1,0,1
4408,52,0,0,0
4339,0,1,0,1
4492,4,0,0,0
4310,24,1,0,1
4430,4,0,0,1
4577,12,1,0,1
4581,52,0,0,1
4303,24,0,0,0
4272,0,0,1,0
4491,12,0,0,0
4542,0,0,0,0
4331,4,0,0,0
4444,0,1,0,1
4328,12,0,0,1
4424,12,1,0,1
4397,12,1,0,0
4282,12,0,1,0
4333,12,1,0,1
4539,24,0,0,1
4515,0,0,0,1
4558,4,1,0,1
4540,12,0,0,0
4540,0,1,0,0
4345,24,1,1,0
4498,12,1,0,1
4278,0,0,1,0
4392,0,1,0,0
4263,24,1,0,0
4460,24,0,0,1
4302,4,0,0,0
4534,12,1,0,1
4386,4,1,0,1
4520,12,1,0,1
4412,12,0,0,0
4460,24,0,0,1
4520,24,0,0,0
4481,4,0,0,1
4458,0,0,0,0
4441,52,1,0,0
4463,4,1,0,1
4533,4,0,0,1
4459,12,0,0,1
4288,52,0,0,1
4464,52,0,0,1
4589,0,1,0,0
4480,24,1,0,1
4530,24,1,1,1
4472,52,0,0,0
4419,24,0,1,0
4465,0,1,0,0
4410,12,1,0,1
4527,24,0,0,1
4579,4,0,0,1
4522,4,1,0,1
4410,52,1,0,0
4354,12,1,0,0
4457,0,0,1,0
4512,52,0,0,1
4402,52,1,0,0
4474,52,0,0,1
4284,4,0,0,1
4401,0,1,0,1
4385,12,0,0,0
4286,12,1,0,1
4537,12,1,0,1
4471,12,1,0,0
4434,52,1,0,1
4431,0,0,0,1
4526,52,1,0,0
4442,12,1,0,1
4416,12,0,0,1
4474,12,0,0,0
4511,12,1,1,0
4475,0,1,0,1
4433,24,0,0,0
4531,4,0,0,0
4485,24,0,0,1
4464,52,1,0,0
4339,0,1,0,0
4553,52,0,1,0
4585,12,1,0,1
4357,52,0,0,0
4261,0,1,0,0
4404,12,0,0,1
4539,24,1,0,0
4292,24,1,0,1
4353,24,1,0,1
4270,4,0,0,0
4488,12,0,0,1
4488,24,1,0,0
4544,24,0,0,0
4521,12,1,0,0
4406,0,0,0,0
4340,12,0,0,0
4316,52,1,0,0
4354,24,1,1,1
4375,0,1,0,1
4324,12,0,0,0
4483,0,0,0,1
4533,24,1,0,0
4575,0,1,0,0
4591,0,0,0,1
4525,52,0,0,1
4343,12,1,0,0
4515,4,0,0,0
4313,4,0,0,0
4375,0,1,0,0
4530,0,1,0,0
4416,12,0,0,0
4309,12,0,0,0
4468,12,0,0,1
4538,4,0,0,1
4533,0,0,0,0
4428,4,1,0,0
4310,4,0,0,0
4303,4,1,0,1
4386,4,0,0,1
4281,12,1,0,1
4318,0,1,0,0
4338,52,0,0,1
4519,4,1,0,0
4568,52,1,0,0
4456,52,1,0,1
4453,24,0,0,0
4435,0,1,0,1
4575,0,1,0,1
4581,0,0,0,0
4529,52,1,0,1
4291,4,1,0,0
4382,24,0,1,0
4414,52,0,0,1
4478,12,0,0,0
4420,52,0,0,1
4508,0,1,0,0
4279,52,1,0,1
4389,4,1,0,1
4363,12,0,1,0
4472,24,1,0,0
4329,12,1,0,1
4432,4,1,0,0
4537,12,1,0,0
4357,4,1,0,0
4523,0,1,0,1
4265,24,0,0,0
4518,4,0,0,0
4420,52,0,0,0
4460,52,0,0,0
4582,0,1,0,1
4478,0,0,0,1
4544,24,1,0,0
4507,52,0,0,1
4386,52,0,0,0
4485,52,1,0,0
4503,12,0,0,0
4514,52,1,0,1
4557,24,1,0,1
4492,52,1,0,1
4467,24,0,0,0
3943,12,0,0,1
4032,12,0,0,1
3946,4,1,0,0
3998,0,1,1,0
3921,12,1,0,0
3952,12,0,0,1
4023,0,1,0,1
3926,4,1,0,0
3991,24,1,0,1
3925,4,1,0,0
3976,4,1,0,1
3945,12,1,0,0
3954,24,1,0,1
3967,24,1,0,1
4002,24,0,0,1
4029,0,0,0,1
3969,12,1,0,1
4003,52,1,0,0
4020,52,1,0,1
3980,12,0,0,0
4009,4,1,0,0
3998,12,1,1,1
3974,12,1,0,1
3999,12,0,0,0
3927,52,0,0,1
3954,4,1,1,0
3992,24,0,0,1
3935,12,1,0,1
3972,4,0,0,1
4002,4,0,0,0
3951,12,1,0,1
3975,4,0,0,0
3967,4,0,0,0
3970,52,0,0,1
3932,0,0,0,0
3984,12,1,0,1
3968,12,1,0,1
3929,24,1,0,1
3989,12,0,0,1
4003,0,1,0,1
4026,24,1,0,0
3989,52,0,0,0
3913,12,0,0,1
3970,52,1,0,0
3988,52,0,0,1
3990,4,1,0,1
3976,12,1,0,1
4030,0,0,0,0
3936,4,0,0,1
4009,4,0,0,1
3946,24,1,1,1
3927,0,0,0,1
4025,4,0,0,1
4029,12,0,0,0
3957,52,1,0,0
4014,4,0,1,0
3993,24,0,0,0
3942,24,0,0,0
3960,0,0,0,1
3971,4,0,0,0
3932,52,0,0,1
3990,0,0,0,0
4008,4,0,1,0
3968,0,1,0,1
3961,52,0,0,0
4004,24,1,0,1
3987,24,0,0,0
4000,52,0,0,1
3915,12,1,0,1
3960,52,0,1,0
3925,12,0,0,0
3920,24,1,0,1
3984,52,0,0,1
4008,24,0,0,0
3947,0,1,0,1
4005,0,0,0,0
3974,4,0,0,0
3978,0,1,0,0
3987,4,1,0,1
3917,12,1,0,1
3967,52,0,0,1
4004,52,0,0,0
3939,52,1,0,0
3951,52,0,0,0
3986,4,0,0,1
4001,4,0,0,0
3938,4,0,0,1
3912,12,0,0,0
3930,0,1,0,1
3973,52,0,0,1
4007,52,1,1,1
3949,4,1,0,0
3923,52,0,0,1
3976,12,1,0,0
3916,24,1,0,0
3933,4,0,0,0
3974,52,0,0,0
4028,4,0,0,1
3949,24,0,0,1
4004,0,0,0,0
3992,12,0,0,0
4028,4,0,0,0
3915,0,0,0,0
3977,12,0,0,0
3935,4,0,0,0
3978,0,1,0,1
4010,0,1,0,0
4024,12,1,0,0
3912,4,0,0,1
3962,12,0,0,0
3978,4,1,0,1
3953,52,1,0,1
4005,4,1,0,1
4024,24,1,0,1
3961,0,0,0,1
3939,24,0,0,0
3956,12,1,0,1
3961,52,1,0,0
4014,24,0,0,1
4024,0,0,0,1
3977,24,0,0,1
3976,12,0,0,0
3930,52,0,0,0
3947,24,1,0,0
4032,0,0,0,0
3948,4,0,1,1
3940,12,1,0,1
3975,0,0,0,0
3956,12,1,0,0
3944,52,0,0,1
3917,52,0,0,0
3921,24,0,0,0
4007,24,0,1,0
4012,24,1,1,0
4012,24,0,1,0
3935,24,0,0,0
3943,52,0,0,1
3965,4,1,0,0
3938,12,1,0,0
3924,24,1,0,1
4014,52,0,0,1
3928,4,1,0,1
3952,4,0,0,1
3937,0,0,0,1
3927,4,0,0,0
3989,12,1,0,0
3997,0,1,0,0
4030,4,0,0,1
3962,4,1,0,1
3939,12,0,0,1
4006,52,1,0,1
3975,12,0,0,1
3963,0,1,0,0
3923,24,1,0,1
3940,12,1,0,1
3974,24,0,0,1
3994,12,1,0,1
3986,52,1,0,0
3991,52,1,0,0
4002,52,0,0,0
3926,0,1,0,1
3945,0,0,0,1
3977,52,0,0,0
4009,0,1,0,1
4000,4,0,0,0
3957,24,1,0,0
3952,12,1,0,0
3931,52,0,0,0
3978,4,0,0,0
3938,52,0,0,0
3936,4,1,0,0
3914,12,0,0,1
4026,0,0,0,1
3973,24,0,0,0
3972,52,0,0,0
4014,0,0,0,0
3964,52,0,0,0
3987,52,1,0,0
3951,0,0,0,0
3915,12,0,0,0
3925,12,1,0,1
3989,52,0,0,1
3994,52,1,0,0
3965,0,0,0,0
3918,4,1,0,1
3920,52,1,0,0
3948,4,1,1,1
4005,12,0,0,0
3945,12,1,0,0
4029,0,0,0,1
4027,12,1,1,0
4027,0,1,0,1
4001,12,1,0,1
3934,4,1,0,0
3936,0,1,0,0
4006,0,1,0,1
4027,4,1,0,1
3959,52,0,0,1
3918,4,1,0,1
3931,52,0,0,1
3980,52,1,0,1
3918,4,0,0,0
4007,0,0,0,1
3950,0,0,1,0
3954,0,1,1,0
3934,4,1,0,1
3973,4,0,0,1
3942,52,0,0,1
3912,24,1,0,1
3942,12,0,0,0
4018,0,0,0,1
4028,24,1,0,0
3950,24,1,1,1
3964,4,0,0,0
3937,4,1,0,0
3934,24,1,0,0
4010,24,1,0,0
3960,52,1,1,1
4011,4,0,0,1
3972,24,0,0,0
4019,4,1,0,1
3984,12,1,0,0
4031,12,0,0,0
4012,0,1,0,1
3941,0,0,0,0
3968,4,1,0,0
4008,52,0,1,1
4027,12,1,0,0
3913,52,1,0,0
3942,12,1,0,1
4006,12,1,0,0
4000,52,1,1,0
4018,52,1,0,1
3944,0,1,0,0
3955,4,1,0,0
3972,12,0,0,1
3958,52,1,0,0
3915,4,1,0,1
3923,52,0,0,0
3943,24,0,0,0
3964,24,0,0,1
4015,24,1,0,0
3980,24,1,0,1
4002,0,0,0,1
3928,24,0,0,0
3933,12,0,0,1
3925,12,0,0,1
4000,24,1,0,1
4015,12,0,0,1
3957,24,1,0,1
3946,12,0,0,0
3953,0,1,0,0
3994,24,0,0,0
4032,0,0,1,1
4017,4,1,0,0
3933,0,0,0,0
4010,24,1,0,1
3920,24,1,0,1
4031,12,1,0,0
3914,0,0,0,1
4019,4,1,0,1
3919,0,0,0,0
4024,0,0,0,0
4028,52,0,0,1
4025,24,0,0,0
4009,24,0,0,0
3986,24,0,0,0
3924,4,0,0,0
3999,52,0,0,0
4001,0,0,0,0
3959,24,0,0,1
4023,0,1,0,1
3992,24,0,0,0
3927,12,1,0,0
3948,24,1,0,0
4020,12,1,0,0
3963,52,1,1,1
3993,24,1,0,1
4025,52,0,0,0
3998,0,0,1,0
3966,0,0,0,0
3973,0,1,0,0
4029,24,1,0,0
3944,12,0,0,1
4030,24,1,0,0
3914,0,0,0,0
3923,52,0,0,0
3969,0,0,0,0
3949,12,1,0,1
3970,0,1,0,1
4010,12,0,0,1
3958,4,0,0,1
3955,24,1,0,0
4030,52,1,0,1
3977,12,1,0,1
3997,4,0,0,1
3947,12,1,0,0
4004,24,1,0,1
3946,0,1,1,1
3917,24,1,0,0
4015,0,1,0,1
4020,52,0,0,0
4003,52,0,0,0
3966,52,0,0,1
3988,4,0,0,0
4011,0,1,0,0
3937,0,1,0,1
4007,0,0,1,0
3965,24,1,0,1
3945,4,0,0,1
3965,24,1,0,1
3956,52,1,0,0
4001,24,0,0,1
3943,24,0,0,0
3964,12,1,0,1
3912,12,0,0,0
4023,4,0,0,0
3955,52,0,0,1
3962,0,0,0,1
3922,12,0,0,0
4011,12,1,0,0
3941,24,0,0,1
3940,24,1,0,0
4020,24,0,0,1
3941,24,1,0,1
4032,0,0,0,0
4003,24,1,0,1
3963,0,1,0,0
3971,52,0,0,0
3971,24,1,0,1
3944,4,1,0,0
3968,0,1,0,0
3913,0,0,0,1
3931,0,1,0,0
3963,24,0,1,1
4017,24,1,0,1
3929,12,0,0,0
4023,0,0,0,0
3922,24,1,0,1
3958,4,0,0,1
4005,52,0,0,1
4011,24,1,0,1
3939,52,1,0,1
3929,0,0,0,1
3991,4,0,1,0
3938,24,0,0,1
3937,24,1,0,0
3917,24,0,0,1
3916,4,0,0,0
3975,52,1,0,1
4012,12,1,0,1
3941,4,1,0,0
3935,24,1,0,1
3960,0,0,0,0
3988,4,1,0,1
3940,52,0,0,0
3947,12,1,0,1
4025,12,0,0,1
3953,4,1,0,0
3932,4,0,0,1
3953,4,0,0,1
3966,4,0,0,0
3998,4,0,0,1
4031,24,1,0,1
3932,52,1,0,0
3951,0,0,0,1
3962,24,1,0,0
3997,0,1,0,1
3928,4,0,0,1
3959,12,0,0,0
3930,24,0,0,0
3980,4,0,0,0
3986,4,0,0,1
3987,4,1,0,1
3930,24,1,0,1
4018,24,1,0,0
3993,24,0,0,1
3999,0,1,0,1
3928,0,0,0,0
3990,12,1,0,1
3950,4,0,1,1
3936,52,0,0,1
4017,0,1,0,0
3920,0,1,0,0
4008,0,0,0,1
4018,52,0,0,0
3926,52,0,0,0
3921,24,0,0,1
3966,24,1,0,1
3954,52,0,0,1
3959,12,1,0,0
3913,12,0,0,0
3950,24,1,0,0
3914,24,0,0,0
3924,4,1,0,1
4015,52,0,0,0
4019,12,1,0,0
3916,12,0,0,1
3926,24,0,0,1
3918,0,1,0,0
3919,12,0,0,1
3992,52,0,0,1
3919,52,0,0,0
3921,0,1,0,1
4017,0,1,0,1
3933,12,0,0,1
3922,4,1,0,0
3990,4,0,0,0
3924,0,1,0,0
3916,52,0,0,1
3949,52,1,0,0
3994,12,0,0,1
3988,0,0,0,0
3956,52,0,0,1
3969,52,0,0,1
3999,12,0,0,1
3991,0,0,0,1
3955,12,1,0,1
4031,4,0,0,1
3958,24,0,0,0
4019,4,0,0,0
3967,52,0,0,0
3993,52,1,0,0
3961,0,1,0,1
3922,12,0,0,1
3934,52,1,0,1
3948,12,1,1,0
3969,4,1,0,0
3929,52,0,0,0
3952,12,1,0,0
4006,4,1,0,0
3971,24,0,0,1
3997,52,0,0,0
3970,0,1,0,0
3984,12,0,0,0
4026,24,0,0,0
3931,4,1,0,1
3957,0,1,0,1
4026,52,0,0,1
3919,4,1,0,1
3853,12,0,0,0
3837,52,1,0,1
3895,24,1,1,1
3845,24,0,0,0
3811,4,1,1,1
3842,24,0,1,1
3835,24,0,0,0
3765,52,0,0,0
3874,52,0,0,0
3829,12,0,1,0
3808,24,0,0,1
3872,24,0,0,1
3873,52,1,1,1
3874,0,1,0,0
3851,52,0,0,1
3872,24,1,0,1
3871,4,0,0,0
3818,52,1,0,0
3898,12,0,0,1
3832,4,0,0,1
3787,12,0,0,0
3899,0,1,1,1
3841,52,1,0,1
3879,0,1,0,0
3816,4,0,1,1
3910,24,1,0,1
3883,24,0,1,0
3874,24,1,0,1
3766,0,0,0,1
3878,52,1,0,0
3886,0,1,0,1
3885,12,0,1,1
3779,24,0,1,1
3868,24,1,0,0
3847,24,1,0,0
3841,0,1,0,0
3831,24,1,0,0
3838,52,0,0,0
3804,52,0,0,0
3813,24,1,0,0
3847,24,0,0,1
3903,52,1,0,1
3772,24,1,0,1
3848,12,0,0,1
3903,24,0,0,0
3869,12,0,0,1
3788,0,1,0,0
3807,52,1,0,0
3833,4,1,0,1
3899,52,0,0,0
3867,0,0,0,1
3835,4,0,0,1
3834,24,1,0,1
3804,0,1,0,1
3847,4,1,0,0
3821,4,0,0,0
3885,24,0,0,0
3905,0,1,1,0
3854,12,1,0,1
3907,4,0,0,0
3893,24,0,1,0
3886,0,0,0,0
3821,52,0,0,1
3859,4,1,0,0
3797,24,1,0,1
3784,12,1,0,1
3854,12,0,0,1
3879,24,0,0,0
3902,12,1,0,0
3901,24,1,1,1
3856,0,1,0,1
3810,4,1,0,1
3896,24,0,1,1
3816,12,0,0,1
3907,12,1,0,1
3776,0,1,0,1
3767,0,1,0,1
3817,12,0,0,0
3765,52,0,0,1
3857,24,0,0,1
3842,24,0,1,0
3775,52,0,0,1
3856,52,0,0,1
3829,0,0,0,1
3835,52,0,0,0
3908,52,1,0,0
3831,24,0,0,1
3880,0,1,1,0
3845,24,0,0,0
3897,0,0,0,0
3787,12,0,0,0
3898,52,0,0,0
3894,24,1,0,0
3791,4,1,0,1
3810,24,1,0,0
3894,12,1,0,0
3871,24,1,0,0
3769,24,1,1,0
3906,24,0,0,0
3826,24,1,0,0
3860,4,1,1,1
3850,24,1,0,1
3774,4,0,0,1
3860,4,0,0,0
3888,0,0,0,1
3829,0,1,0,0
3887,0,1,0,0
3857,4,0,0,0
3845,0,0,0,1
3910,4,0,1,0
3763,52,1,0,0
3831,4,0,0,1
3879,4,0,0,1
3790,0,1,0,0
3813,4,1,0,1
3904,52,0,0,1
3828,52,0,0,1
3848,24,1,0,1
3866,4,1,0,0
3779,0,0,1,1
3782,4,1,1,1
3911,52,1,0,0
3776,52,1,0,1
3864,52,1,0,0
3817,12,0,0,1
3904,0,1,0,0
3877,12,1,0,0
3895,24,0,1,1
3855,0,1,0,0
3901,12,0,1,0
3864,0,1,0,0
3809,12,1,0,0
3842,52,1,1,1
3876,24,1,1,0
3779,24,0,1,0
3822,52,0,0,1
3829,52,1,0,1
3875,0,1,0,0
3886,52,1,0,1
3814,0,1,0,0
3763,52,0,0,0
3905,52,1,1,0
3868,4,0,0,1
3817,24,0,0,0
3883,4,0,0,1
3841,12,1,0,1
3812,4,0,1,1
3867,24,0,0,0
3905,52,0,0,1
3832,4,0,0,1
3839,24,0,0,0
3808,12,1,0,0
3909,52,0,0,0
3834,24,1,0,0
3778,0,0,0,0
3836,24,1,1,1
3819,0,1,0,0
3874,0,0,1,1
3770,24,1,0,0
3844,4,0,0,1
3838,0,0,1,1
3884,4,0,0,1
3830,0,1,0,1
3832,0,1,0,0
3886,4,1,0,0
3861,0,1,0,1
3904,12,1,0,1
3790,24,1,0,1
3887,4,0,0,1
3802,4,0,0,1
3908,12,1,0,0
3777,24,0,0,1
3792,0,1,0,1
3777,12,0,0,0
3827,12,0,1,1
3840,52,0,1,0
3762,4,1,1,1
3809,4,0,0,1
3781,0,0,0,0
3882,52,1,1,0
3820,52,1,0,0
3778,0,0,0,0
3801,0,0,0,0
3828,4,0,0,1
3834,4,0,0,1
3769,12,1,0,1
3855,0,0,0,1
3833,4,0,0,1
3766,4,0,0,1
3819,12,1,1,0
3764,52,1,0,0
3800,52,0,0,1
3832,4,0,0,0
3765,12,0,0,0
3906,24,0,0,1
3777,4,0,0,0
3780,0,0,0,1
3902,0,0,0,1
3767,24,1,0,0
3830,0,1,0,0
3893,12,1,1,0
3896,4,0,0,0
3896,4,0,0,0
3830,24,1,0,1
3791,24,0,0,1
3770,4,0,1,1
3895,24,0,0,0
3771,12,0,0,1
3811,0,1,1,0
3771,0,0,1,0
3763,24,1,0,1
3827,12,1,1,0
3827,12,1,0,0
3773,4,1,0,1
3778,12,1,0,1
3772,52,1,0,0
3773,0,0,1,0
3826,0,1,0,0
3774,12,0,0,1
3775,24,1,0,1
3825,12,1,0,1
3825,4,0,0,0
3888,0,1,0,1
3848,0,0,0,0
3890,12,1,0,1
3865,12,0,1,0
3825,24,1,0,1
3812,12,0,0,1
3894,4,1,0,1
3823,52,1,0,1
3790,4,1,0,0
3822,12,1,0,0
3880,0,1,0,1
3889,52,1,0,0
3851,12,0,0,0
3779,4,0,1,0
3815,12,0,0,0
3858,24,0,0,1
3862,24,0,0,1
3877,12,0,0,1
3821,4,0,0,0
3911,12,0,0,1
3848,52,1,0,0
3762,12,1,1,0
3782,24,1,0,1
3907,4,0,0,1
3782,0,1,0,0
3870,0,1,0,0
3893,52,1,0,1
3783,24,1,0,1
3841,24,0,0,0
3820,4,0,0,1
3820,52,1,0,1
3787,52,1,0,1
3818,24,1,0,0
3785,0,0,1,1
3791,52,1,1,0
3865,4,0,0,1
3852,12,0,0,0
3862,4,0,0,1
3861,4,0,0,1
3880,4,0,1,1
3816,4,0,0,0
3772,52,0,0,1
3885,12,0,1,0
3800,52,0,0,0
3858,12,0,0,0
3766,24,1,0,0
3892,52,1,0,1
3790,0,1,0,1
3868,12,1,0,1
3843,4,1,0,1
3844,4,1,0,1
3765,24,0,0,1
3808,4,1,0,1
3776,12,0,0,0
3778,24,1,0,1
3792,24,0,0,1
3863,24,1,0,0
3813,0,1,0,0
3852,52,1,0,1
3792,24,0,0,0
3793,4,1,0,1
3815,0,0,0,1
3883,4,1,0,1
3864,52,0,0,1
3799,52,1,0,1
3908,0,1,0,1
3828,12,1,0,0
3804,24,1,0,0
3824,52,1,0,0
3810,4,0,0,1
3799,12,1,1,0
3796,12,0,0,0
3809,12,1,1,0
3822,4,0,0,0
3814,52,0,0,0
3806,52,0,0,0
3780,0,1,0,0
3909,4,1,0,0
3803,12,1,1,1
3774,24,1,0,0
3882,0,1,0,0
3797,52,1,0,0
3785,52,0,1,0
3900,24,1,0,0
3812,0,1,0,0
3764,12,0,0,1
3801,12,1,0,1
3859,4,0,0,0
3909,12,0,0,1
3802,52,0,0,1
3890,24,0,0,0
3903,12,0,0,0
3805,12,1,0,0
3774,12,0,0,0
3897,24,1,0,0
3805,12,0,0,1
3859,12,0,0,1
3806,4,1,0,1
3889,24,0,0,0
3891,4,1,0,1
3771,24,1,0,0
3881,12,1,1,1
3826,0,0,0,1
3887,52,0,0,0
3888,0,1,0,0
3824,12,0,0,1
3891,12,1,1,0
3796,12,1,0,1
3810,52,0,0,0
3788,0,0,0,1
3882,24,1,0,1
3796,12,1,0,0
3825,0,1,0,0
3793,24,1,0,1
3885,4,0,0,1
3902,0,0,0,1
3818,0,1,0,1
3808,24,0,0,0
3797,4,0,0,0
3838,4,1,0,1
3827,52,0,1,1
3826,4,0,0,1
3884,24,1,0,0
3771,0,1,0,1
3893,12,0,0,1
3907,4,0,0,0
3762,24,0,1,0
3895,24,1,0,0
3839,4,0,0,0
3780,24,1,0,0
3858,52,1,0,0
3863,0,0,1,0
3846,52,1,0,1
3798,52,0,0,1
3866,24,1,0,1
3792,12,0,0,0
3784,0,0,0,0
3795,52,0,0,0
3819,12,0,1,1
3890,24,1,0,1
3766,4,0,0,0
3843,52,1,0,1
3854,0,1,0,0
3876,12,1,0,0
3767,12,1,0,0
3866,4,0,0,0
3785,52,0,1,0
3798,12,0,0,0
3838,0,1,0,0
3868,0,1,0,0
3764,24,0,1,0
3880,0,0,0,0
3770,4,1,0,1
3873,52,1,0,0
3803,52,1,1,0
3787,24,1,0,1
3768,0,1,0,0
3869,0,1,0,0
3811,12,1,1,0
3870,52,1,0,0
3863,4,1,0,1
3864,4,1,0,1
3802,0,0,0,0
3772,0,0,0,0
3847,12,0,0,1
3801,4,1,0,0
3850,0,0,0,0
3767,4,0,0,1
3768,24,0,0,1
3781,0,1,0,0
3881,24,0,1,1
3840,24,0,1,0
3789,52,0,0,1
3789,0,0,1,0
3801,12,1,0,1
3844,24,1,0,0
3898,0,1,0,1
3811,24,0,1,1
3849,0,1,0,1
3876,24,0,0,1
3861,52,1,0,0
3775,12,0,0,0
3764,52,0,0,1
3800,52,1,0,0
3837,12,1,0,1
3781,52,1,0,1
3823,52,1,0,1
3836,4,1,1,0
3786,0,0,1,0
3862,4,0,0,0
3890,12,0,1,0
3884,0,0,1,1
3817,0,0,0,1
3859,12,0,0,1
3822,24,1,0,1
3873,4,1,0,1
3889,0,0,0,1
3793,24,1,0,0
3878,12,1,0,0
3862,4,0,0,0
3837,0,1,0,0
3852,12,1,0,0
3821,52,1,0,1
3906,0,1,0,1
3872,12,1,0,0
3883,4,1,1,0
3823,12,0,0,0
3798,52,1,0,1
3769,0,1,0,0
3851,24,1,0,0
3773,12,0,1,0
3897,24,1,0,1
3894,52,1,0,1
3900,24,1,0,1
3903,4,1,0,1
3870,0,1,0,1
3866,4,0,0,1
3776,0,0,0,0
3782,24,1,0,0
3877,0,0,0,0
3856,24,0,0,0
3857,4,0,0,1
3824,0,0,1,1
3768,52,1,0,0
3796,4,1,0,1
3881,24,1,0,0
3911,52,1,0,0
3905,0,1,0,1
3869,12,1,0,1
3805,12,1,0,0
3851,24,1,0,1
3853,0,1,0,1
3788,12,0,0,1
3896,12,0,0,1
3770,24,1,0,0
3899,0,0,0,1
3833,24,0,0,0
3887,12,1,0,1
3882,4,0,0,1
3849,24,0,0,0
3839,0,0,0,1
3803,4,0,1,0
3867,52,0,0,1
3909,24,1,0,1
3789,52,0,1,0
3814,52,0,0,1
3763,52,1,0,1
3837,12,0,0,0
3898,52,1,0,0
3860,0,0,0,0
3781,4,1,0,1
3876,4,0,0,1
3900,4,0,0,0
3824,52,0,1,0
3873,52,1,0,0
3855,0,1,0,1
3852,0,0,0,1
3804,24,1,0,1
3833,4,1,0,0
3892,52,1,0,0
3861,12,0,0,0
3795,4,0,0,1
3872,52,0,0,0
3908,52,0,0,1
3769,4,1,0,1
3891,52,1,0,1
3900,12,1,0,1
3831,0,0,0,0
3797,4,1,0,1
3845,24,1,0,1
3798,12,1,0,0
3834,24,1,0,0
3828,12,0,0,0
3836,12,1,0,0
3803,4,0,0,1
3835,4,0,0,1
3877,52,1,0,1
3784,12,0,0,0
3892,52,1,0,1
3785,4,0,1,1
3846,4,0,0,0
3871,52,0,0,1
3846,24,0,0,1
3853,52,1,0,1
3878,52,0,1,1
3820,4,1,1,0
3843,4,0,0,0
3853,52,0,0,0
3910,4,1,0,1
3809,24,1,0,1
3800,4,1,0,1
3892,24,0,0,0
3786,12,1,0,1
3843,24,0,0,0
3857,12,1,0,0
3869,4,0,0,0
3783,0,0,0,0
3762,12,1,1,1
3840,4,0,0,1
3812,4,0,0,0
3849,52,1,0,1
3844,24,0,0,0
3902,52,0,0,0
3784,52,0,0,1
3881,52,1,1,0
3863,24,1,0,1
3858,0,1,0,1
3806,4,0,0,0
3823,52,1,0,0
3870,4,0,0,1
3875,12,1,0,1
3884,4,1,1,0
3891,24,0,0,0
3839,52,1,0,1
3897,12,0,0,1
3875,12,1,0,0
3816,0,1,1,0
3850,4,1,0,1
3795,4,0,0,0
3791,12,1,1,0
3777,12,0,0,1
3842,12,0,1,0
3871,0,1,0,1
3807,12,0,0,0
3878,52,0,1,1
3888,12,1,0,0
3901,4,0,1,0
3899,24,0,0,0
3768,0,1,0,1
3799,52,1,0,1
3815,52,1,0,0
3806,52,1,0,1
3910,52,0,1,0
3875,4,0,0,1
3901,24,1,1,1
3805,12,1,0,1
3849,52,0,0,0
3814,0,1,0,1
3802,4,0,0,0
3854,24,1,0,0
3775,0,1,0,0
3783,0,0,0,0
3807,52,1,0,1
3889,0,1,0,1
3819,24,0,1,1
3836,52,1,1,1
3840,12,1,0,1
3789,12,0,0,1
3904,4,1,0,0
3786,52,0,0,1
3773,0,1,0,1
3906,4,0,0,0
3865,4,1,0,0
3788,0,0,0,0
3850,4,0,0,0
3799,4,0,0,0
3911,4,0,0,1
3867,24,0,0,0
3865,52,0,0,1
3813,24,1,0,1
3795,0,0,0,1
3780,0,1,0,1
3846,4,1,0,0
3815,4,0,0,1
3783,0,0,0,1
3830,0,0,0,0
3793,12,0,0,0
3818,12,1,0,1
3860,24,0,0,1
3786,12,1,0,0
3879,0,0,0,1
3856,4,0,0,0
3855,52,0,0,0
3807,4,0,0,1
3704,52,1,1,0
3677,0,1,0,0
3683,24,0,0,0
3672,12,1,0,0
3718,12,0,0,0
3671,0,0,0,1
3748,52,0,0,1
3759,24,0,0,1
3761,12,0,0,1
3725,52,1,0,1
3701,12,0,0,0
3713,12,0,0,0
3759,4,1,0,1
3714,4,0,0,1
3760,0,0,0,0
3760,52,1,0,1
3721,12,1,0,1
3703,0,1,0,1
3678,52,1,0,1
3698,24,0,0,0
3720,0,1,0,0
3692,4,0,0,0
3751,4,0,0,0
3702,0,1,0,1
3689,52,0,1,0
3670,52,0,0,0
3669,12,1,0,0
3672,4,1,0,1
3678,0,0,0,1
3679,52,0,0,0
3693,12,1,0,1
3726,24,0,0,0
3761,12,1,0,1
3725,0,1,0,1
3672,4,1,0,0
3699,4,1,0,1
3698,0,0,0,0
3663,0,1,0,1
3755,52,1,0,1
3738,4,0,1,0
3694,12,0,0,0
3746,0,0,0,0
3682,0,1,0,0
3719,52,1,0,1
3745,52,1,0,1
3758,24,1,0,1
3689,52,1,1,1
3664,0,0,0,0
3698,24,1,0,1
3688,12,1,0,0
3738,4,0,0,1
3730,4,1,0,0
3697,0,1,0,0
3712,24,0,0,0
3711,24,0,0,1
3684,4,0,0,1
3761,24,1,0,0
3705,4,1,0,0
3720,24,1,0,1
3727,24,0,0,1
3701,0,1,0,1
3707,12,0,0,0
3700,52,0,0,0
3755,24,0,1,0
3747,52,1,0,0
3677,52,1,0,1
3684,24,0,0,0
3706,12,1,0,1
3737,12,1,0,0
3740,4,1,0,0
3667,12,0,0,0
3711,52,0,0,0
3695,52,1,0,1
3681,4,1,0,0
3696,12,1,0,1
3755,12,1,1,1
3742,12,1,0,1
3679,52,1,0,1
3699,12,1,0,0
3690,52,1,0,1
3676,24,0,0,0
3741,0,1,1,0
3670,52,0,0,1
3745,24,0,0,0
3746,24,1,0,0
3674,24,1,0,0
3676,12,0,0,1
3710,4,1,0,1
3696,4,0,1,0
3724,52,0,0,0
3737,4,0,0,0
3732,0,0,0,0
3752,0,1,0,0
3700,0,0,0,1
3715,0,0,0,1
3690,52,0,0,0
3689,52,1,1,1
3707,0,0,0,1
3759,0,1,0,0
3746,52,0,0,1
3697,4,0,0,1
3666,4,0,0,1
3680,0,0,0,0
3719,52,1,0,0
3750,4,0,0,0
3704,12,1,0,1
3670,4,1,0,0
3666,52,0,0,0
3694,0,1,0,0
3708,0,0,0,0
3718,12,0,0,1
3689,0,1,1,0
3697,12,0,0,0
3711,52,1,0,0
3741,24,1,0,1
3732,0,0,0,1
3758,24,1,0,0
3758,52,1,0,1
3668,52,0,0,0
3669,24,0,0,0
3713,0,1,0,1
3664,4,1,0,1
3724,4,0,0,0
3676,4,1,0,0
3717,52,0,0,0
3684,24,0,0,0
3701,52,0,0,1
3694,52,1,0,1
3712,12,1,0,1
3671,4,1,0,0
3748,52,1,0,1
3743,52,1,0,0
3740,12,0,0,0
3667,0,0,0,1
3756,24,0,1,0
3667,52,1,0,0
3706,4,0,0,0
3743,0,0,0,1
3666,52,0,0,0
3693,24,1,0,0
3757,24,0,0,1
3678,24,1,0,0
3681,4,1,0,1
3716,0,0,0,0
3674,52,0,0,0
3677,4,1,0,0
3680,4,1,0,0
3747,12,1,0,0
3730,12,0,0,1
3704,52,1,0,1
3698,52,1,0,1
3759,0,0,0,0
3713,24,0,0,0
3671,52,0,0,1
3753,24,0,0,1
3665,4,0,0,1
3712,24,1,0,1
3749,0,0,0,0
3710,0,1,0,0
3699,12,0,0,1
3668,24,1,0,1
3664,52,0,0,0
3751,4,0,0,1
3665,4,1,0,0
3742,4,0,0,0
3731,24,1,1,1
3731,4,0,1,1
3668,4,0,0,0
3669,52,0,0,1
3669,0,1,0,1
3760,0,1,0,0
3702,24,1,0,1
3671,12,0,0,0
3731,24,0,1,0
3673,4,1,0,1
3719,24,0,0,1
3716,52,0,0,1
3674,4,0,0,1
3691,4,1,0,1
3754,4,0,0,1
3668,0,0,0,1
3675,12,0,0,1
3675,12,0,0,0
3696,52,1,0,1
3750,24,1,0,0
3678,12,0,0,0
3664,4,0,0,1
3757,4,1,0,0
3673,24,0,0,0
3708,0,0,0,1
3740,24,0,0,1
3672,4,0,0,1
3688,4,1,1,1
3754,52,0,0,1
3754,52,0,0,0
3691,12,1,0,0
3694,4,0,0,1
3726,12,1,0,1
3692,24,0,0,0
3751,12,1,0,1
3727,12,1,0,1
3663,24,0,0,1
3760,52,0,0,1
3708,4,0,0,0
3696,52,1,1,0
3717,4,0,0,1
3747,4,0,0,1
3748,24,1,0,0
3688,52,0,0,0
3725,12,1,0,0
3744,12,1,0,1
3703,24,0,0,1
3713,52,0,0,1
3702,24,0,0,0
3706,52,1,0,0
3711,24,0,0,1
3665,12,1,0,1
3712,52,1,0,0
3676,0,1,0,1
3704,12,0,1,0
3715,12,0,1,1
3715,24,1,0,0
3716,24,0,0,0
3717,52,1,0,1
3714,12,0,0,0
3717,0,1,0,0
3707,52,0,0,0
3718,24,0,0,0
3740,12,1,0,1
3720,52,1,0,1
3749,12,1,0,1
3721,24,1,0,0
3724,12,1,0,1
3761,24,0,0,0
3727,0,1,0,0
3730,4,1,0,1
3757,0,1,0,0
3752,0,1,0,1
3741,12,1,0,1
3732,4,1,0,0
3737,0,1,0,1
3695,12,1,0,0
3738,12,0,0,1
3747,24,1,0,1
3730,12,1,0,0
3721,0,1,0,1
3756,4,1,1,0
3719,24,1,0,0
3743,12,1,0,1
3721,24,0,0,0
3751,0,0,0,0
3683,0,1,0,1
3745,4,1,0,1
3688,4,0,1,1
3745,12,0,0,0
3665,12,0,0,0
3692,12,1,0,1
3666,0,0,0,1
3674,24,1,0,1
3675,52,1,0,1
3752,24,0,0,0
3705,4,1,0,0
3675,52,1,0,0
3754,0,1,0,0
3710,52,0,0,1
3756,52,0,1,1
3756,12,0,1,1
3757,12,0,0,1
3708,52,1,0,1
3722,52,1,0,0
3714,24,1,0,0
3700,52,0,0,1
3681,4,0,0,0
3703,4,0,0,0
3691,12,0,0,0
3753,24,1,1,1
3744,52,1,0,0
3700,52,1,0,0
3737,4,1,0,1
3695,24,0,0,1
3726,0,0,0,1
3682,52,0,0,0
3742,12,0,0,0
3690,4,0,0,0
3720,0,0,0,0
3758,0,0,0,0
3707,24,1,0,1
3705,0,0,0,1
3683,4,1,0,1
3667,12,1,0,1
3683,12,1,0,0
3710,52,0,0,0
3682,12,1,0,1
3691,4,1,0,1
3679,0,0,0,1
3673,52,0,0,0
3714,52,0,0,1
3697,24,1,0,1
3663,52,1,0,0
3702,0,1,0,0
3722,52,0,0,1
3715,52,0,0,0
3748,52,0,0,0
3744,24,1,0,1
3749,12,1,0,1
3732,4,0,0,1
3722,52,0,0,0
3753,12,1,0,0
3670,12,1,0,1
3743,12,1,0,0
3673,52,0,0,1
3706,12,0,0,1
3703,12,0,0,0
3750,0,0,0,1
3749,4,0,0,0
3755,52,0,1,0
3716,24,1,0,1
3677,0,1,0,1
3744,12,0,0,0
3690,12,0,0,1
3731,0,0,1,0
3695,12,1,0,0
3725,52,0,0,0
3692,24,0,0,1
3746,0,1,0,1
3724,12,0,0,1
3752,12,1,0,1
3680,24,1,0,1
3679,12,0,0,0
3726,0,0,0,0
3682,12,1,0,1
3738,24,1,1,0
3705,4,0,0,1
3684,52,1,0,1
3753,4,1,0,0
3722,12,1,0,1
3742,12,0,0,1
3718,52,1,0,1
3750,12,1,0,1
3663,0,0,0,0
3680,24,1,0,1
3681,0,0,0,1
3701,4,0,0,0
3727,0,0,0,0
3699,52,0,0,0
3741,4,1,0,0
3693,24,0,0,0
3693,24,1,0,1
4738,52,1,0,0
4603,12,1,0,0
4776,52,1,0,1
4645,24,1,0,0
4742,0,1,0,0
4669,24,1,0,0
4595,24,1,0,0
4772,24,1,0,0
4689,4,0,0,0
4595,24,1,0,0
4669,12,1,0,0
4743,12,1,0,0
4731,4,0,0,1
4602,52,0,0,0
4671,0,1,0,1
4697,4,1,1,1
4596,0,0,0,0
4729,4,1,0,0
4609,0,1,0,1
4747,12,0,0,1
4744,0,0,0,0
4772,4,0,0,1
4597,4,1,0,1
4660,0,1,0,0
4660,24,0,0,0
4659,24,1,0,0
4658,24,0,1,0
4735,12,0,0,1
4597,4,0,0,0
4731,24,0,0,0
4732,12,0,0,1
4599,4,0,0,0
4603,24,0,0,1
4647,52,0,0,1
4776,12,1,0,1
4654,0,1,0,0
4732,52,0,1,0
4705,0,1,0,1
4620,0,1,0,1
4693,24,1,0,1
4656,24,1,0,1
4741,52,0,0,1
4612,24,1,1,0
4740,52,1,0,0
4608,4,0,0,0
4639,0,0,0,1
4606,4,1,0,1
4663,24,0,0,1
4655,24,0,0,0
4665,0,0,0,1
4617,24,1,0,0
4737,0,0,0,1
4600,4,1,0,1
4654,12,1,1,1
4760,24,0,0,1
4600,12,0,0,0
4652,4,1,0,1
4687,12,0,0,0
4684,52,0,0,1
4728,24,1,0,0
4736,4,1,0,0
4771,12,1,0,1
4734,4,0,0,1
4711,0,0,0,1
4639,52,0,0,1
4650,52,1,0,1
4736,12,1,0,1
4745,52,0,0,1
4643,4,0,0,0
4663,12,1,0,0
4688,52,1,0,0
4775,12,1,0,0
4705,4,1,0,0
4677,52,1,0,0
4683,0,0,0,1
4645,4,0,0,0
4695,12,0,0,1
4764,4,0,0,0
4725,12,0,0,0
4644,0,0,0,0
4671,0,1,0,1
4621,12,0,0,0
4677,52,0,0,0
4637,12,1,0,0
4694,12,1,0,0
4607,52,0,0,0
4674,52,1,0,0
4624,0,0,0,0
4636,4,0,0,0
4733,0,0,0,0
4641,24,1,0,0
4716,12,0,0,1
4721,12,1,0,0
4610,52,0,0,1
4640,24,0,0,0
4640,24,1,0,1
4610,12,0,0,0
4721,24,0,0,1
4771,0,0,0,1
4773,4,0,1,1
4720,24,1,0,0
4647,24,1,0,0
4677,0,1,0,1
4678,12,1,0,0
4719,4,1,0,0
4767,4,0,0,1
4719,52,1,0,0
4746,52,0,0,1
4728,12,1,0,1
4607,12,0,0,1
4680,52,0,0,1
4678,24,1,0,0
4679,12,1,0,1
4663,24,1,0,0
4623,0,1,0,0
4754,52,0,0,0
4666,12,1,0,0
4680,0,1,0,0
4726,4,0,0,0
4680,12,0,0,0
4712,0,1,0,0
4712,52,0,0,1
4599,0,0,0,1
4684,0,0,0,0
4711,52,0,0,0
4770,0,1,0,0
4684,0,0,0,0
4769,4,0,0,0
4634,0,0,0,0
4614,12,1,0,0
4620,24,0,0,0
4765,12,1,0,1
4758,24,1,0,0
4685,0,1,0,1
4706,52,1,0,1
4632,0,1,0,0
4598,4,0,0,1
4615,0,0,0,0
4615,12,0,1,0
4738,24,0,0,1
4707,24,1,0,0
4707,4,1,0,0
4766,52,0,0,0
4665,0,1,0,1
4631,24,0,0,0
4688,52,1,0,1
4646,0,0,0,0
4758,24,0,0,1
4698,24,0,0,0
4696,0,1,1,1
4727,24,1,0,1
4705,12,0,0,1
4756,0,1,1,1
4750,24,1,0,1
4629,52,1,0,1
4704,0,0,0,0
4689,12,1,1,1
4638,24,1,0,0
4702,52,1,0,1
4602,0,0,0,1
4727,4,0,0,0
4653,52,0,0,0
4672,12,0,0,1
4767,0,0,0,0
4689,24,1,1,1
4702,12,0,0,1
4656,24,1,0,1
4619,0,1,0,0
4774,12,0,0,1
4627,12,0,0,0
4740,0,0,0,0
4619,4,0,0,0
4700,24,1,0,0
4690,24,1,0,1
4655,24,0,0,1
4624,52,0,0,1
4633,24,1,0,1
4613,52,0,1,0
4699,0,1,0,0
4713,4,0,0,1
4692,0,1,0,1
4757,4,1,0,0
4623,24,0,0,1
4720,24,1,0,1
4697,12,1,1,1
4737,52,0,0,1
4631,4,1,0,1
4676,0,1,0,0
4674,24,0,1,0
4750,24,1,1,0
4733,12,0,0,1
4646,0,0,0,1
4625,24,0,0,1
4713,4,0,0,1
4762,24,1,0,0
4776,52,1,0,0
4741,0,0,0,0
4739,4,0,0,0
4613,4,0,1,1
4627,52,1,0,0
4693,52,1,0,1
4738,24,0,0,1
4678,12,0,0,1
4718,52,1,0,0
4681,12,1,0,0
4749,4,0,0,0
4606,24,0,0,1
4648,12,0,0,0
4640,0,1,0,1
4633,12,1,1,0
4736,0,0,0,0
4607,12,1,0,0
4637,4,1,0,1
4645,4,0,0,1
4681,12,1,0,1
4708,12,1,0,1
4663,0,0,0,1
4735,4,0,0,0
4618,12,0,1,0
4605,12,0,0,1
4616,24,0,0,0
4613,0,1,1,0
4755,24,1,0,1
4722,12,0,0,1
4701,24,0,0,0
4741,4,0,0,0
4668,52,1,0,0
4609,4,0,1,0
4650,24,0,0,0
4685,0,1,0,0
4622,24,1,0,1
4691,4,0,0,0
4701,52,0,0,1
4756,4,1,0,0
4704,0,1,0,0
4709,24,1,0,0
4633,4,0,0,1
4766,24,1,0,0
4747,52,0,0,0
4708,12,0,0,0
4746,24,1,0,0
4776,0,0,0,0
4726,24,0,0,0
4662,4,0,0,0
4714,4,1,0,0
4698,52,0,1,1
4668,0,1,0,1
4737,52,1,0,0
4652,52,0,0,0
4626,24,0,0,0
4735,52,1,0,0
4638,4,0,0,1
4595,24,0,0,1
4722,24,1,0,0
4718,12,1,0,0
4766,24,1,0,1
4662,24,0,0,0
4651,52,1,0,0
4706,24,1,0,0
4619,4,0,0,1
4712,0,0,0,1
4629,52,1,0,0
4690,52,0,0,0
4597,4,0,0,0
4674,12,0,0,1
4620,24,0,0,1
4773,24,0,0,1
4756,4,1,1,1
4604,24,0,0,1
4616,0,1,0,0
4694,24,1,0,1
4656,12,1,0,0
4683,4,0,0,0
4747,24,0,0,0
4611,24,0,0,1
4714,24,1,0,1
4770,52,1,0,1
4767,24,1,0,0
4656,0,0,0,0
4692,0,1,0,0
4676,52,0,0,1
4644,0,1,0,1
4729,0,1,0,1
4700,12,1,0,1
4602,12,1,0,0
4598,12,0,0,0
4609,4,0,1,0
4612,52,0,0,1
4754,24,0,1,0
4703,0,1,0,0
4641,4,1,0,1
4702,52,1,0,0
4710,0,1,0,0
4762,0,0,0,1
4724,0,0,0,0
4658,24,0,0,1
4691,4,1,0,1
4657,0,0,0,1
4661,0,0,1,0
4718,12,0,0,1
4683,12,1,0,1
4726,52,1,0,1
4635,52,0,0,1
4658,52,0,1,1
4719,24,0,0,1
4603,0,1,0,0
4603,12,1,0,1
4756,24,0,0,0
4611,4,1,1,0
4736,24,1,0,1
4770,0,0,0,1
4770,0,0,0,0
4601,4,1,1,1
4619,12,1,0,1
4638,4,0,0,0
4628,12,0,0,0
4720,4,0,0,0
4628,0,1,0,1
4668,24,0,0,0
4690,24,0,0,0
4696,52,1,0,1
4745,12,1,0,0
4740,52,0,0,1
4705,12,1,0,0
4728,52,1,0,1
4739,12,1,0,1
4744,0,1,0,1
4694,4,0,0,0
4767,4,0,0,1
4604,0,0,0,0
4703,52,0,0,0
4627,52,0,0,1
4665,4,0,0,0
4618,4,0,1,0
4700,12,0,0,0
4709,24,0,0,1
4612,4,1,0,1
4636,24,1,0,1
4622,0,0,0,1
4730,52,0,0,0
4614,0,0,0,1
4757,24,1,0,0
4683,12,0,0,0
4706,4,1,0,1
4702,12,1,0,0
4698,52,1,0,1
4685,4,1,0,0
4671,24,1,0,0
4679,52,0,0,0
4628,4,1,0,0
4604,0,1,0,0
4759,52,0,0,1
4605,24,0,0,1
4741,0,0,0,1
4631,24,1,0,1
4676,52,0,0,1
4655,24,1,0,0
4757,0,1,0,1
4624,24,0,0,0
4765,4,1,0,1
4662,52,1,0,1
4681,52,0,0,1
4727,0,0,0,1
4771,12,1,0,0
4742,24,0,0,1
4637,52,0,0,0
4664,52,0,0,1
4674,4,0,0,1
4764,24,1,0,1
4749,52,1,0,0
4657,52,0,0,0
4605,24,1,0,0
4679,0,0,0,1
4600,12,0,0,1
4608,0,1,0,1
4596,12,1,1,0
4664,24,1,0,0
4704,0,0,0,1
4608,12,1,0,1
4650,24,1,0,0
4751,12,0,1,0
4649,0,1,0,1
4617,24,0,0,1
4729,4,1,0,1
4661,12,1,0,1
4664,12,0,0,1
4762,4,1,0,1
4773,24,1,0,0
4774,0,1,0,0
4610,0,0,0,0
4693,52,1,0,0
4675,0,0,0,1
4652,52,1,0,0
4669,52,1,0,1
4692,52,0,0,0
4775,0,0,0,1
4725,0,0,0,1
4760,12,1,0,1
4775,0,1,0,1
4769,0,1,0,1
4669,52,0,0,1
4742,12,0,0,0
4672,52,0,0,0
4718,4,1,0,1
4630,24,1,0,1
4709,0,1,0,1
4629,52,1,0,0
4771,24,1,0,0
4657,52,1,0,1
4642,24,0,0,0
4760,12,1,0,0
4675,52,0,0,1
4707,24,1,0,1
4691,52,0,0,1
4773,12,0,0,0
4719,12,1,0,1
4648,52,1,0,0
4613,4,0,1,1
4692,4,0,0,1
4746,12,0,0,1
4700,24,0,0,1
4761,24,0,0,1
4672,4,0,0,1
4639,24,0,0,0
4654,24,0,0,1
4769,4,0,0,0
4757,0,0,0,1
4596,24,1,0,1
4609,0,1,0,1
4703,4,0,0,1
4754,12,1,0,1
4711,12,1,1,0
4744,0,0,0,0
4740,12,1,0,1
4730,24,0,0,1
4732,12,1,0,1
4750,52,0,0,0
4726,52,1,0,1
4716,4,1,0,0
4678,52,0,0,1
4630,24,1,0,1
4635,24,0,0,0
4765,4,0,0,0
4688,0,0,0,0
4690,52,1,0,1
4697,0,0,0,0
4681,0,1,0,0
4722,0,1,0,0
4765,24,1,1,0
4687,0,0,0,0
4621,0,0,0,1
4659,24,0,0,0
4761,52,0,0,1
4633,52,0,1,0
4607,0,0,0,1
4709,0,1,0,0
4732,0,0,0,0
4615,0,0,0,1
4695,0,0,0,1
4743,12,1,0,1
4680,12,0,0,1
4687,4,1,0,1
4668,4,1,0,1
4650,4,1,0,1
4696,0,1,0,0
4679,52,0,0,0
4662,12,0,0,1
4634,52,0,0,1
4724,4,0,0,1
4725,52,0,0,1
4727,4,0,0,0
4755,12,1,0,0
4655,52,0,0,1
4595,0,1,0,1
4601,12,0,0,0
4645,24,1,0,1
4666,0,1,0,1
4675,24,1,0,0
4620,4,0,0,0
4621,24,1,0,1
4676,4,1,0,0
4672,24,0,0,0
4623,12,1,0,1
4714,12,1,0,1
4751,12,0,1,1
4606,24,1,1,0
4701,24,0,0,0
4724,0,1,0,0
4601,0,0,0,0
4642,12,0,0,1
4641,0,1,0,1
4666,12,1,0,0
4649,52,1,0,0
4762,0,0,0,0
4693,4,0,0,0
4696,4,1,0,0
4725,12,1,0,0
4625,0,0,0,0
4632,4,0,0,1
4774,12,0,0,0
4755,12,1,0,0
4617,52,1,0,0
4618,4,0,0,1
4735,4,0,0,1
4648,4,1,0,1
4707,0,1,0,1
4643,52,1,0,1
4751,12,1,1,1
4606,24,0,1,0
4627,24,0,0,1
4638,0,0,0,1
4626,0,0,0,1
4646,4,0,0,1
4647,24,0,0,1
4625,12,1,0,1
4675,4,0,0,0
4666,4,1,0,1
4743,0,0,0,1
4648,24,1,0,1
4660,12,0,0,1
4711,12,1,0,1
4608,12,0,0,0
4653,4,1,0,1
4750,12,0,0,1
4712,12,0,0,0
4614,52,1,0,1
4626,52,1,0,0
4731,0,1,0,1
4739,24,1,0,1
4604,0,0,0,1
4658,0,1,0,0
4677,12,1,0,1
4632,4,1,0,0
4775,24,1,0,0
4640,52,0,1,0
4651,24,1,0,1
4599,4,1,0,1
4759,52,0,0,0
4610,12,1,0,1
4698,52,1,0,0
4632,12,1,0,1
4734,12,1,0,0
4602,4,1,0,1
4596,24,0,0,1
4695,12,1,0,0
4637,52,0,0,1
4772,12,0,0,1
4644,12,0,0,1
4743,4,1,0,0
4713,24,1,0,0
4699,24,0,1,0
4722,24,1,0,1
4685,0,0,0,1
4721,24,0,0,1
4730,24,1,0,1
4659,0,0,0,1
4649,24,1,0,0
4601,12,0,0,1
4768,12,1,0,1
4653,24,0,0,1
4661,24,0,1,0
4617,4,1,0,1
4713,0,1,0,0
4751,52,0,1,0
4598,24,0,0,1
4729,52,1,0,0
4714,12,0,0,0
4689,52,1,1,0
4651,24,1,0,0
4644,24,1,0,0
4626,12,0,0,1
4721,24,0,0,0
4618,12,0,1,1
4708,52,0,0,1
4703,12,1,0,1
4768,0,0,0,0
4639,24,0,0,0
4661,0,1,1,1
4739,0,1,0,0
4759,52,1,0,0
4761,12,0,0,0
4704,0,0,0,1
4649,24,1,0,1
4616,4,0,0,1
4768,24,0,0,1
4731,12,0,0,0
4755,24,0,0,1
4615,52,0,0,1
4622,0,1,0,0
4745,12,0,0,1
4699,24,0,0,1
4724,52,0,0,1
4614,52,0,0,0
4622,12,1,0,0
4647,0,1,0,0
4612,4,0,1,0
4664,12,0,0,0
4697,0,1,0,0
4611,4,1,1,0
4628,4,0,0,1
4630,0,1,0,0
4688,0,0,0,1
4616,12,1,0,1
4746,12,1,0,0
4744,0,0,0,1
4652,4,0,0,1
4761,52,1,0,0
4730,4,1,0,0
4749,0,0,0,1
4624,24,0,0,1
4621,4,1,0,0
4759,12,1,0,1
4641,4,1,0,0
4636,24,0,0,0
4623,4,0,0,0
4774,12,1,0,1
4701,12,1,0,1
4745,0,1,0,0
4768,0,0,0,0
4671,52,1,0,0
4710,24,1,0,1
4635,12,1,0,0
4691,52,0,0,0
4695,24,0,0,0
4734,52,1,0,1
4754,0,0,0,1
4716,0,1,0,1
4597,24,1,0,1
4634,0,0,0,1
4643,52,0,0,0
4657,0,1,1,0
4764,52,0,0,1
4760,52,1,0,0
4737,12,0,0,0
4611,52,1,0,1
4653,24,1,0,0
4659,52,0,0,1
4772,12,0,0,0
4642,4,1,0,1
4749,0,1,0,1
4600,12,1,0,0
4706,52,0,0,0
4605,0,0,0,0
4665,4,1,0,0
4728,52,0,0,0
4651,4,0,0,1
4766,0,1,0,1
4764,0,1,0,0
4642,12,1,0,0
4654,0,1,1,0
4629,24,0,0,1
4733,24,0,0,1
4758,12,1,0,1
4625,0,1,0,0
4635,12,0,0,1
4599,4,1,1,0
4742,12,0,0,1
4710,4,0,0,1
4699,12,1,0,1
4738,4,0,0,0
4720,4,1,0,1
4636,12,1,0,1
4734,52,1,0,0
4694,24,0,0,1
4631,12,1,0,0
4598,24,0,0,0
4747,24,1,0,1
4684,24,0,0,1
4646,52,0,0,0
4643,0,0,0,1
4758,12,0,0,0
4733,4,0,0,0
4660,12,0,0,1
4708,52,0,0,0
4769,24,1,0,1
4630,0,0,0,0
4710,12,1,1,0
4716,24,1,0,0
4687,52,0,0,1
4634,4,0,0,0
4094,52,1,0,0
4217,24,1,1,1
4087,4,0,0,0
4048,52,1,0,1
4064,4,1,0,1
4092,52,0,0,1
4090,4,1,0,0
4117,0,0,0,0
4182,24,0,0,0
4115,4,0,0,0
4149,52,1,0,1
4043,52,1,0,0
4080,4,0,1,0
4113,0,0,0,0
4050,52,0,0,1
4077,24,1,0,1
4079,52,0,0,1
4127,12,0,1,0
4066,4,1,0,1
4158,4,0,0,1
4246,52,0,0,1
4128,12,1,0,0
4163,24,1,0,1
4244,4,1,0,1
4225,24,0,0,0
4142,12,1,0,0
4138,4,0,0,0
4044,52,0,1,0
4125,24,1,0,0
4210,12,1,0,1
4156,52,0,0,1
4059,52,0,0,0
4238,24,0,0,1
4165,12,1,0,0
4260,12,0,0,1
4081,12,0,0,1
4178,4,0,0,0
4219,12,1,0,1
4163,24,1,0,0
4153,4,1,0,1
4075,12,0,0,0
4098,52,1,0,1
4239,52,0,0,1
4089,4,0,0,1
4102,12,0,0,0
4070,12,1,0,0
4191,0,1,0,1
4042,0,1,0,1
4036,52,1,0,1
4196,12,1,0,1
4077,0,1,0,1
4047,12,0,0,0
4167,0,1,0,0
4061,12,0,0,0
4254,0,1,0,1
4215,4,1,0,1
4070,12,1,0,1
4216,0,0,1,0
4055,12,1,0,1
4033,0,1,0,0
4160,52,0,0,0
4033,12,1,0,0
4198,24,0,0,0
4115,24,0,0,1
4230,52,1,0,1
4133,52,1,1,0
4200,12,0,0,1
4248,12,1,0,0
4134,4,1,0,1
4047,12,0,0,0
4175,4,1,0,0
4241,4,0,0,1
4202,0,0,0,0
4065,4,1,1,1
4248,0,1,0,0
4122,4,1,0,1
4093,24,1,0,0
4100,24,0,0,0
4257,52,1,0,0
4155,52,0,0,1
4126,12,1,0,0
4197,0,1,0,0
4229,0,1,0,0
4083,0,0,1,0
4215,12,0,0,0
4243,4,1,0,0
4220,4,0,0,0
4074,12,1,0,1
4240,12,0,0,1
4143,24,0,0,0
4066,12,1,0,0
4201,0,0,0,0
4078,52,0,0,1
4136,4,0,0,1
4085,12,0,0,0
4102,4,0,0,0
4091,52,1,0,0
4120,24,1,0,1
4135,4,1,1,0
4056,12,1,0,0
4046,12,0,0,1
4050,12,1,0,1
4050,12,0,0,0
4233,24,0,0,0
4084,4,1,0,1
4203,12,0,0,0
4124,12,0,1,0
4034,24,1,0,0
4113,0,0,0,0
4134,52,0,0,0
4061,12,1,0,1
4103,4,1,0,1
4135,12,0,1,0
4055,24,0,0,0
4242,0,0,0,1
4235,4,1,0,1
4097,0,1,0,1
4183,24,0,0,0
4073,4,0,0,1
4126,24,1,0,1
4211,24,1,0,1
4202,4,1,0,0
4204,24,0,0,0
4048,52,0,0,0
4148,0,0,0,1
4093,52,0,1,1
4203,0,0,0,1
4251,4,0,0,1
4095,0,0,0,1
4034,4,1,0,1
4196,24,0,0,0
4260,24,1,0,0
4102,4,0,0,1
4074,0,0,0,0
4039,12,1,1,0
4214,12,0,0,0
4106,52,1,0,0
4235,0,1,0,0
4201,4,0,0,1
4159,52,1,0,1
4179,24,1,0,1
4077,0,0,0,0
4124,12,1,1,1
4208,4,0,0,1
4166,4,0,0,0
4128,0,1,1,0
4154,4,0,0,1
4183,52,0,0,1
4107,52,1,0,1
4054,4,0,0,1
4121,12,0,0,0
4170,0,0,0,1
4107,0,0,0,0
4184,52,0,0,1
4245,0,1,0,1
4094,12,0,0,0
4126,24,0,0,1
4125,12,1,0,0
4211,0,1,0,0
4178,0,0,0,1
4157,0,1,0,1
4189,24,0,0,1
4042,4,1,0,0
4232,4,0,1,0
4229,4,1,0,1
4175,4,1,0,0
4182,12,1,0,1
4180,52,0,1,1
4129,52,1,0,1
4098,24,0,0,0
4101,12,1,0,1
4221,4,0,0,1
4171,4,0,1,0
4062,0,1,0,0
4055,52,0,0,1
4078,12,0,0,1
4156,24,0,0,0
4200,4,1,0,0
4244,52,0,0,0
4093,4,0,0,0
4073,12,1,0,1
4236,52,1,0,0
4185,12,0,0,1
4111,24,1,0,0
4130,4,1,0,0
4230,0,1,0,0
4195,52,0,0,0
4088,52,0,0,1
4080,4,0,1,1
4092,0,0,0,0
4196,0,0,0,1
4233,12,1,0,0
4099,4,0,0,0
4042,12,1,0,1
4193,12,0,0,0
4062,12,1,0,1
4206,52,1,0,1
4229,0,0,0,0
4224,0,1,0,0
4191,24,1,0,0
4080,0,1,1,0
4132,24,0,0,0
4160,52,1,0,1
4111,12,0,0,0
4086,0,1,0,1
4217,12,1,1,0
4234,4,1,0,0
4094,0,1,0,1
4046,4,1,0,0
4158,4,1,0,1
4199,4,1,0,1
4105,12,0,0,0
4207,4,0,0,0
4059,24,0,0,0
4152,12,1,1,1
4174,12,0,0,0
4221,12,1,0,1
4087,0,1,0,1
4173,4,0,1,0
4068,52,0,0,1
4065,4,1,1,0
4051,24,0,0,0
4239,12,1,0,1
4229,24,0,0,1
4194,12,0,0,1
4169,12,1,0,0
4228,0,0,0,0
4129,52,1,0,1
4131,52,1,1,1
4202,0,0,0,1
4236,52,0,1,1
4074,24,0,0,1
4178,0,0,0,0
4207,4,1,0,1
4185,24,1,0,0
4076,12,0,0,1
4039,12,0,1,1
4049,0,1,0,1
4174,52,1,0,1
4045,0,0,0,1
4238,12,0,0,0
4169,52,0,0,0
4177,12,0,0,0
4047,0,0,0,1
4051,4,0,0,0
4181,24,0,0,1
4067,4,1,0,1
4049,12,0,1,1
4053,52,1,0,1
4081,0,0,0,0
4123,24,0,1,0
4228,24,1,0,1
4038,4,0,0,1
4214,24,1,0,1
4193,24,1,0,0
4184,24,1,0,0
4037,24,0,0,1
4236,52,1,0,1
4049,4,1,1,0
4157,4,0,0,1
4141,0,0,1,1
4044,12,0,0,0
4046,52,0,0,1
4242,0,1,0,0
4235,0,0,0,0
4150,0,0,0,0
4250,0,1,0,0
4181,52,1,0,0
4059,0,0,0,1
4113,52,1,0,1
4192,12,1,0,1
4056,52,1,0,1
4206,52,0,0,1
4170,52,0,0,1
4195,0,1,0,1
4136,52,0,0,0
4089,52,1,0,0
4216,52,0,0,1
4159,0,1,0,0
4090,12,1,0,1
4040,52,1,0,1
4181,52,0,0,0
4154,24,0,0,0
4079,0,1,0,1
4190,0,1,0,0
4189,24,1,0,0
4075,0,0,0,1
4167,24,1,0,1
4243,0,1,0,1
4172,24,1,0,1
4259,24,0,0,1
4213,52,1,0,0
4147,0,1,0,0
4085,4,1,0,1
4212,12,1,0,1
4036,4,0,0,0
4206,52,1,0,0
4135,12,1,0,1
4108,12,0,0,0
4257,4,1,0,0
4063,52,0,0,0
4044,0,1,1,1
4163,12,1,0,1
4207,0,1,0,1
4042,12,0,0,0
4096,52,0,0,0
4057,52,1,0,0
4091,12,0,0,0
4134,0,0,0,0
4198,0,1,0,1
4071,0,1,0,0
4137,12,1,0,1
4162,24,0,0,1
4101,24,1,0,1
4212,12,0,0,1
4176,4,0,0,0
4171,12,0,0,0
4149,0,0,0,1
4126,24,1,0,0
4252,24,1,1,1
4164,4,0,0,1
4091,0,0,0,1
4242,0,0,1,1
4200,4,1,0,1
4045,4,1,0,0
4233,12,0,0,1
4184,12,0,0,0
4058,52,0,0,0
4249,0,0,0,1
4035,52,0,0,1
4123,12,0,0,1
4225,12,1,0,1
4201,24,1,0,1
4038,0,1,0,0
4149,52,0,0,0
4190,0,0,0,0
4256,12,1,0,0
4147,0,1,0,1
4234,52,1,0,1
4052,0,1,0,1
4253,4,0,0,1
4092,4,0,0,1
4204,4,1,0,0
4118,24,1,0,1
4117,12,0,0,0
4182,24,1,0,1
4072,52,0,0,1
4037,0,1,0,1
4144,4,0,0,1
4188,12,0,0,1
4041,12,1,0,1
4197,0,0,0,0
4061,12,1,0,1
4171,0,1,0,1
4069,24,0,0,1
4102,24,0,1,1
4146,12,0,0,1
4040,4,0,0,1
4204,24,1,0,1
4074,4,0,0,0
4216,0,1,0,1
4245,24,1,0,0
4127,12,0,1,0
4133,0,1,1,1
4075,24,0,0,1
4227,4,1,0,0
4255,24,1,0,0
4142,4,0,0,1
4158,12,1,0,0
4052,0,1,0,0
4033,52,1,0,1
4220,24,1,0,0
4130,4,1,0,1
4208,12,0,0,1
4183,12,0,0,0
4103,24,1,0,0
4036,24,0,0,0
4109,52,1,0,0
4060,4,1,0,0
4241,52,0,0,0
4193,24,0,0,1
4239,24,0,0,0
4232,52,0,0,0
4083,24,0,1,0
4080,24,0,0,1
4071,0,0,0,1
4117,12,1,0,1
4146,4,1,0,0
4146,24,0,0,0
4246,52,0,0,0
4144,52,0,0,0
4199,4,1,0,0
4251,0,1,0,0
4234,0,1,0,0
4246,12,0,1,0
4077,12,0,0,0
4072,52,0,0,0
4078,4,0,0,0
4052,0,0,0,1
4249,12,1,0,1
4141,12,0,0,0
4259,12,1,0,0
4068,0,0,0,0
4035,24,0,0,0
4048,4,0,0,1
4231,24,0,0,0
4138,24,1,0,1
4210,12,0,0,0
4116,4,0,0,1
4248,24,1,0,1
4226,24,0,0,0
4246,12,1,0,1
4033,0,0,0,1
4192,52,1,1,0
4232,24,0,0,1
4064,0,0,0,0
4085,24,1,0,0
4200,12,1,0,0
4213,12,1,0,0
4125,52,0,0,1
4247,0,1,0,0
4218,52,1,0,1
4252,12,0,1,0
4112,12,1,0,1
4167,4,0,1,1
4063,24,0,0,0
4152,52,0,1,0
4238,12,1,0,1
4121,12,0,0,1
4127,24,1,0,1
4141,52,0,1,1
4039,4,1,1,1
4097,0,1,0,0
4063,12,0,0,1
4224,4,0,0,1
4132,0,0,0,1
4035,0,0,0,0
4159,52,0,0,0
4073,0,0,0,0
4131,0,1,1,0
4189,52,1,0,0
4037,4,1,0,0
4063,12,0,0,1
4059,24,1,0,1
4086,12,1,0,0
4256,52,1,0,0
4057,0,0,0,1
4177,52,0,0,0
4121,24,0,0,0
4165,24,0,0,1
4058,52,1,0,1
4224,52,0,0,0
4201,24,0,0,0
4248,4,0,0,1
4114,4,1,0,0
4088,4,0,0,0
4107,24,0,0,1
4245,24,1,0,1
4079,24,0,0,0
4104,0,1,1,0
4166,52,1,0,1
4180,52,0,0,0
4060,4,0,0,1
4226,12,0,0,1
4221,4,0,0,0
4050,0,1,0,0
4104,4,1,0,0
4038,0,0,0,1
4053,12,0,0,1
4053,12,0,1,0
4256,4,1,0,1
4176,52,1,0,0
4180,0,1,0,0
4237,24,0,0,0
4258,24,1,0,1
4081,12,1,0,1
4152,12,1,1,1
4173,24,0,0,1
4250,0,0,0,1
4123,52,0,1,0
4199,0,0,0,0
4168,24,0,1,0
4107,52,0,0,0
4258,24,1,0,0
4185,0,0,0,1
4184,4,0,0,1
4233,0,0,0,1
4140,4,1,0,0
4087,0,0,0,0
4157,12,1,0,0
4176,12,1,0,1
4041,52,1,0,0
4188,24,0,0,0
4147,4,1,0,0
4110,24,0,0,0
4046,52,0,0,0
4123,24,0,0,1
4185,52,0,0,0
4158,52,0,0,0
4079,0,0,0,0
4071,52,1,0,1
4240,52,1,0,1
4217,52,1,1,0
4187,52,1,0,1
4105,12,1,0,0
4244,52,1,0,1
4092,12,0,0,0
4141,4,1,1,0
4222,0,1,0,1
4034,24,1,0,1
4139,12,1,0,0
4179,52,1,0,0
4041,24,1,0,1
4109,0,0,0,1
4211,12,1,0,1
4211,4,1,0,0
4057,0,1,0,1
4062,52,0,0,1
4096,52,0,0,1
4098,12,1,0,1
4100,12,1,0,0
4207,12,1,0,0
4131,0,0,1,0
4082,4,0,0,0
4151,4,1,0,0
4225,52,1,0,1
4162,4,0,0,0
4222,24,0,0,0
4054,24,0,0,0
4241,12,1,0,1
4232,24,0,0,1
4094,12,0,0,1
4237,12,1,0,1
4090,52,0,0,1
4106,52,1,0,1
4253,52,1,1,0
4136,0,0,0,1
4109,4,1,0,0
4212,12,0,0,0
4155,12,0,0,1
4175,4,0,0,1
4154,24,0,0,0
4068,4,0,0,0
4069,0,0,0,1
4110,12,0,0,1
4143,4,1,0,1
4137,52,1,0,0
4214,12,1,0,1
4166,52,1,0,0
4143,52,0,0,0
4108,4,0,0,1
4254,12,0,0,1
4247,24,0,0,1
4082,24,1,0,1
4194,4,0,0,0
4176,12,0,0,1
4218,24,1,0,0
4067,4,0,0,0
4106,4,1,0,0
4227,0,1,0,0
4038,0,0,0,0
4175,0,0,0,1
4193,52,1,0,1
4129,0,0,0,0
4056,52,0,0,0
4219,12,1,0,1
4047,24,1,0,1
4084,52,1,0,0
4205,24,1,1,1
4143,52,0,0,1
4153,12,1,1,0
4114,4,0,0,1
4058,24,1,0,0
4183,0,1,0,1
4049,4,1,1,0
4043,12,0,0,0
4119,0,1,0,0
4124,12,1,1,0
4139,0,1,0,1
4157,12,0,0,0
4139,52,0,0,1
4051,52,0,0,1
4195,12,1,0,0
4204,24,0,0,1
4113,0,1,0,1
4149,12,0,0,0
4146,0,1,0,1
4133,0,0,1,0
4210,24,0,0,1
4247,24,1,0,0
4138,0,0,0,1
4164,0,1,0,0
4255,0,0,0,1
4255,12,1,0,0
4205,24,0,1,0
4171,52,0,0,1
4190,24,1,0,1
4151,4,0,0,0
4205,0,1,1,0
4161,12,0,0,0
4168,24,1,1,1
4086,52,0,0,0
4231,12,1,0,1
4043,12,0,0,1
4205,24,0,1,1
4189,52,1,0,1
4187,0,1,0,0
4162,24,0,0,0
4170,52,1,0,0
4256,12,0,0,1
4128,24,0,0,1
4218,52,0,0,0
4085,12,1,0,1
4180,4,1,0,1
4202,4,0,0,1
4110,12,0,0,1
4153,0,1,0,1
4238,24,1,0,0
4191,12,1,0,1
4168,0,0,1,0
4197,12,1,0,1
4064,12,1,0,1
4097,24,0,0,0
4223,24,0,0,1
4192,52,0,1,0
4109,24,0,0,1
4129,4,1,0,0
4244,24,1,0,0
4065,24,1,1,0
4243,12,1,0,0
4072,0,1,0,1
4105,52,0,0,1
4036,24,1,0,1
4067,0,0,0,0
4220,0,0,0,1
4150,24,1,0,1
4086,0,0,0,1
4082,12,0,0,0
4122,24,1,0,0
4179,24,0,0,1
4103,0,0,0,0
4145,12,0,0,1
4210,4,1,0,0
4112,24,0,0,1
4084,0,1,0,1
4066,12,1,0,1
4106,0,0,0,1
4242,0,0,0,0
4203,4,1,0,0
4137,12,0,0,0
4054,4,0,0,1
4057,12,1,0,0
4056,12,1,0,1
4076,4,1,0,1
4199,4,1,0,1
4125,12,1,0,1
4165,52,1,0,1
4161,12,1,0,0
4064,0,0,0,0
4160,4,0,0,0
4065,24,0,1,1
4155,4,1,0,0
4110,12,1,0,0
4067,24,0,0,1
4132,24,0,0,0
4177,0,0,0,1
4164,52,1,0,1
4194,52,0,0,0
4045,12,0,0,1
4139,24,0,0,0
4187,4,0,0,1
4124,52,0,0,1
4186,24,0,0,0
4220,12,1,0,1
4260,24,1,1,1
4103,24,1,0,1
4240,52,1,0,0
4108,12,1,0,1
4140,12,1,0,1
4215,24,0,0,0
4116,0,0,0,1
4081,4,0,0,0
4127,24,0,0,1
4095,52,1,0,0
4198,52,0,1,1
4035,4,0,0,1
4071,12,0,0,0
4250,12,0,0,0
4260,0,1,0,0
4216,24,1,0,0
4166,12,1,0,1
4112,52,0,0,0
4120,52,0,0,0
4215,52,1,0,1
4089,24,0,0,1
4099,12,1,0,1
4151,0,0,0,1
4145,52,1,0,0
4122,12,1,0,0
4089,52,0,1,0
4087,24,0,1,1
4223,12,1,0,0
4227,24,0,0,1
4051,4,0,0,1
4152,0,1,1,0
4134,4,0,0,1
4230,0,0,0,0
4178,52,1,0,1
4137,0,0,0,1
4253,52,0,1,1
4151,4,1,0,1
4145,52,1,0,1
4172,24,0,0,0
4203,52,1,0,1
4161,4,1,0,1
4140,52,0,0,1
4083,24,1,0,1
4082,52,1,0,1
4213,0,0,0,1
4114,24,1,0,0
4116,0,0,0,0
4172,0,1,1,0
4228,52,1,0,1
4259,24,0,0,0
4118,0,1,0,0
4034,52,0,0,0
4259,24,0,0,1
4258,4,0,0,0
4084,12,0,0,0
4206,52,1,0,0
4258,4,1,0,1
4190,52,1,0,1
4257,12,1,0,1
4060,0,0,0,0
4039,24,1,1,0
4040,4,1,0,0
4040,24,0,0,0
4041,24,1,0,0
4098,12,0,0,0
4254,4,1,0,0
4254,24,1,0,0
4043,4,0,0,1
4253,0,0,1,0
4044,52,0,0,1
4213,12,1,0,1
4045,24,0,0,0
4167,12,0,0,0
4037,12,0,0,0
4252,12,1,1,1
4251,24,1,0,0
4251,4,0,0,1
4052,24,0,0,0
4186,24,1,0,1
4053,12,0,0,0
4249,12,1,0,0
4249,52,0,0,0
4054,24,0,0,0
4130,52,1,0,1
4223,4,1,0,0
4247,0,1,0,1
4239,24,0,0,0
4061,12,0,0,0
4165,12,1,0,0
4245,4,1,0,0
4062,52,1,0,0
4095,12,0,0,0
4209,4,0,0,1
4066,12,1,0,0
4060,0,0,0,1
4068,52,1,0,1
4191,24,0,0,0
4196,0,0,0,0
4194,12,1,0,1
4069,52,1,0,0
4069,52,0,0,0
4122,52,1,0,1
4241,0,1,0,0
4070,12,0,0,1
4070,52,1,0,0
4160,12,0,0,1
4073,4,0,0,0
4138,52,0,0,0
4075,4,1,0,0
4076,0,0,0,0
4237,0,1,0,0
4078,24,0,0,0
4237,24,0,0,1
4236,24,0,0,0
4112,24,1,0,0
4255,4,1,0,1
4083,24,1,1,1
4155,12,1,0,0
4208,24,1,0,0
4222,0,1,0,0
4088,0,1,0,1
4231,24,1,0,0
4088,52,0,0,0
4231,12,0,0,1
4090,24,1,0,0
4132,52,1,0,1
4100,0,1,0,1
4228,24,1,0,0
4096,0,1,0,1
4058,12,1,0,1
4096,12,1,0,0
4048,52,1,0,0
4227,12,0,0,1
4099,24,0,0,1
4099,4,0,0,0
4226,52,0,0,1
4100,24,1,0,1
4101,52,1,0,0
4101,52,0,0,0
4104,52,0,0,1
4224,52,0,0,1
4209,52,0,0,1
4209,52,1,0,0
4223,24,1,0,1
4108,12,0,0,0
4222,12,1,0,1
4221,0,0,0,0
4225,52,0,0,0
4111,52,1,0,1
4111,52,1,0,1
4219,4,0,0,0
4219,0,0,0,0
4114,24,0,0,1
4115,0,0,0,1
4115,52,1,0,0
4218,52,0,0,1
4234,0,1,0,1
4226,4,1,0,0
4217,4,0,1,1
4117,12,1,0,1
4119,4,0,0,1
4119,52,1,0,1
4119,0,0,0,0
4120,24,1,0,1
4072,0,0,0,0
4120,12,1,0,0
4121,0,1,0,1
4104,24,0,0,1
4214,52,1,0,0
4095,4,0,0,1
4128,24,1,0,1
4212,4,0,0,0
4076,0,1,0,0
4130,24,1,0,0
4131,12,1,1,1
4168,52,1,0,1
4091,0,1,0,1
4133,24,0,0,1
4135,4,0,0,1
4235,12,1,0,1
4209,12,0,0,0
4136,52,0,0,0
4208,4,0,0,0
4156,0,0,0,1
4118,0,0,0,1
4142,4,1,0,1
4093,24,1,0,1
4142,4,1,0,0
4144,24,1,0,1
4145,12,0,0,0
4169,4,1,0,1
4147,52,1,0,1
4148,52,1,0,1
4148,12,0,0,0
4148,24,1,0,0
4140,52,0,0,0
4150,24,1,0,1
4150,4,1,0,0
4230,52,0,0,1
4153,24,0,1,0
4154,52,1,0,1
4105,52,0,0,1
4250,52,0,0,1
4159,52,1,0,1
4162,12,1,0,1
4163,24,0,0,0
4164,12,0,0,0
4240,12,1,0,0
4198,4,1,0,0
4055,24,1,0,0
4169,12,0,0,1
4170,52,0,0,0
4172,0,1,0,1
4173,0,1,0,1
4097,24,0,0,1
4197,24,0,0,1
4173,12,0,1,0
4243,12,0,0,1
4174,12,1,0,1
4174,52,1,0,0
4177,24,1,1,1
4257,24,0,0,1
4195,52,1,0,1
4179,4,1,0,0
4181,24,0,0,1
4156,0,1,0,0
4252,4,1,1,0
4161,4,1,0,1
4182,52,1,0,0
4144,24,1,0,0
4116,4,1,0,0
4186,52,0,0,1
4192,52,0,0,1
4186,0,0,0,0
4187,52,0,0,0
4188,52,1,0,1
4188,12,0,0,0
4118,0,0,0,0
