"year","magazine","price","change","length","cpi","cuminf","sales","cumsales","included","id"
49,"Antiques",0.65,0,2,19.32,0.075781613,243382,0.0051574535,0,NA
50,"Antiques",0.65,0,3,19.46,0.083001861,251118,0.036448176,0,NA
51,"Antiques",0.65,0,4,20.64,0.14187172,257160,0.060223687,0,NA
52,"Antiques",0.65,0,5,21.15,0.16628069,274473,0.12537812,0,NA
53,"Antiques",0.65,1,6,21.57,0.18594424,267949,0.10132189,1,1
54,"Antiques",0.75,0,1,21.8,0.010606509,254112,-0.053021549,1,1
55,"Antiques",0.75,0,2,22.13,0.025630694,252832,-0.058071427,1,1
56,"Antiques",0.75,0,3,22.92,0.060706431,257368,-0.040289697,1,2
57,"Antiques",0.75,1,4,23.71,0.09459344,251761,-0.062316439,1,2
58,"Antiques",1,0,1,24.11,0.016729792,234011,-0.073112102,1,2
59,"Antiques",1,0,2,24.37,0.027455968,227322,-0.10211271,1,3
60,"Antiques",1,0,3,24.65,0.03888,225896,-0.10840551,1,3
61,"Antiques",1,0,4,24.85,0.046960852,218997,-0.13942219,1,3
62,"Antiques",1,0,5,25.08,0.056173816,217299,-0.14720594,1,4
63,"Antiques",1,1,6,25.27,0.063721021,225468,-0.11030198,1,4
64,"Antiques",1.25,0,1,25.58,0.012192875,226379,0.0040323438,1,4
65,"Antiques",1.25,0,2,25.94,0.026168257,237203,0.050738073,1,5
66,"Antiques",1.25,1,3,26.54,0.049035108,243599,0.077345189,1,5
67,"Antiques",1.5,0,1,27.4,0.031889984,248814,0.021182199,1,5
68,"Antiques",1.5,1,2,28.45,0.069495132,246664,0.012503656,1,6
69,"Antiques",1.75,0,1,29.74,0.04434478,232825,-0.057739988,1,6
70,"Antiques",1.75,0,2,31.08,0.088416365,234103,-0.052265897,1,6
71,"Antiques",1.75,1,3,32.43,0.13093576,246398,-0.0010789719,1,7
72,"Antiques",2,0,1,33.38,0.028872998,255773,0.037342218,1,7
73,"Antiques",2,0,2,34.58,0.06419156,270173,0.09211438,1,7
74,"Antiques",2,1,3,38.15,0.16244184,269481,0.089549772,1,8
75,"Antiques",2.5,1,1,42.24,0.10184188,256683,-0.048656026,1,8
76,"Antiques",3,0,1,44.5,0.05212155,266460,0.037382278,1,8
77,"Antiques",3,0,2,47.36,0.11441035,243387,-0.053189091,1,9
78,"Antiques",3,1,3,50.6,0.18058394,251526,-0.020295497,1,9
79,"Antiques",3.5,0,1,54.9,0.081561772,225692,-0.10837513,1,9
80,"Antiques",3.5,NA,2,NA,NA,NA,NA,0,NA
47,"Architectural Review",1,1,1,17.91,0.10902751,242130,0.040846947,0,NA
48,"Architectural Review",1,0,2,19.14,0.17544868,242755,0.043424879,0,NA
49,"Architectural Review",1,0,3,19.32,0.18480912,243382,0.0460044,0,NA
50,"Architectural Review",1,0,4,19.46,0.19202937,251118,0.077295123,0,NA
51,"Architectural Review",1,1,5,20.64,0.25089923,257160,0.10107063,0,NA
52,"Architectural Review",2,0,1,21.15,0.024408965,274473,0.065154436,0,NA
53,"Architectural Review",2,0,2,21.57,0.04407252,267949,0.041098205,1,10
54,"Architectural Review",2,0,3,21.8,0.054679029,254112,-0.011923345,1,10
55,"Architectural Review",2,0,4,22.13,0.069703213,252832,-0.016973223,1,10
56,"Architectural Review",2,0,5,22.92,0.10477895,257368,0.00080850804,1,11
57,"Architectural Review",2,0,6,23.71,0.13866596,251761,-0.021218234,1,11
58,"Architectural Review",2,0,7,24.11,0.15539575,234011,-0.094330336,1,11
59,"Architectural Review",2,0,8,24.37,0.16612193,227322,-0.12333094,1,12
60,"Architectural Review",2,0,9,24.65,0.17754596,225896,-0.12962374,1,12
61,"Architectural Review",2,0,10,24.85,0.18562681,218997,-0.16064043,1,12
62,"Architectural Review",2,0,11,25.08,0.19483978,217299,-0.16842417,1,13
63,"Architectural Review",2,0,12,25.27,0.20238698,225468,-0.13152022,1,13
64,"Architectural Review",2,0,13,25.58,0.21457986,226379,-0.12748787,1,13
65,"Architectural Review",2,0,14,25.94,0.22855524,237203,-0.080782145,1,14
66,"Architectural Review",2,0,15,26.54,0.25142209,243599,-0.054175029,1,14
67,"Architectural Review",2,0,16,27.4,0.28331207,248814,-0.03299283,1,14
68,"Architectural Review",2,0,17,28.45,0.32091722,246664,-0.041671373,1,15
69,"Architectural Review",2,0,18,29.74,0.365262,232825,-0.099411361,1,15
70,"Architectural Review",2,1,19,31.08,0.40933358,234103,-0.09393727,1,15
71,"Architectural Review",3,0,1,32.43,0.042519395,246398,0.051186925,1,16
72,"Architectural Review",3,0,2,33.38,0.071392393,255773,0.088529143,1,16
73,"Architectural Review",3,0,3,34.58,0.10671095,270173,0.14330131,1,16
74,"Architectural Review",3,0,4,38.15,0.20496123,269481,0.1407367,1,17
75,"Architectural Review",3,1,5,42.24,0.30680311,256683,0.092080671,1,17
76,"Architectural Review",4,1,1,44.5,0.05212155,266460,0.037382278,1,17
77,"Architectural Review",5,0,1,47.36,0.062288801,243387,-0.090571369,1,18
78,"Architectural Review",5,0,2,50.6,0.12846239,251526,-0.057677775,1,18
79,"Architectural Review",5,0,3,54.9,0.21002416,225692,-0.1660529,1,18
80,"Architectural Review",5,NA,4,NA,NA,NA,NA,0,NA
47,"Atlantic",0.5,1,1,17.91,0.10902751,242130,0.040846947,0,NA
48,"Atlantic",0.5,0,2,19.14,0.17544868,242755,0.043424879,0,NA
49,"Atlantic",0.5,0,3,19.32,0.18480912,243382,0.0460044,0,NA
50,"Atlantic",0.5,0,4,19.46,0.19202937,251118,0.077295123,0,NA
51,"Atlantic",0.5,0,5,20.64,0.25089923,257160,0.10107063,0,NA
52,"Atlantic",0.5,0,6,21.15,0.2753082,274473,0.16622507,0,NA
53,"Atlantic",0.5,0,7,21.57,0.29497175,267949,0.14216884,1,19
54,"Atlantic",0.5,0,8,21.8,0.30557826,254112,0.08914729,1,19
55,"Atlantic",0.5,0,9,22.13,0.32060245,252832,0.084097412,1,19
56,"Atlantic",0.5,0,10,22.92,0.35567818,257368,0.10187914,1,20
57,"Atlantic",0.5,1,11,23.71,0.38956519,251761,0.0798524,1,20
58,"Atlantic",0.6,0,1,24.11,0.016729792,234011,-0.073112102,1,20
59,"Atlantic",0.6,0,2,24.37,0.027455968,227322,-0.10211271,1,21
60,"Atlantic",0.6,0,3,24.65,0.03888,225896,-0.10840551,1,21
61,"Atlantic",0.6,0,4,24.85,0.046960852,218997,-0.13942219,1,21
62,"Atlantic",0.6,1,5,25.08,0.056173816,217299,-0.14720594,1,22
63,"Atlantic",0.75,0,1,25.27,0.0075472056,225468,0.036903957,1,22
64,"Atlantic",0.75,0,2,25.58,0.01974008,226379,0.040936301,1,22
65,"Atlantic",0.75,0,3,25.94,0.033715463,237203,0.087642029,1,23
66,"Atlantic",0.75,0,4,26.54,0.056582313,243599,0.11424915,1,23
67,"Atlantic",0.75,0,5,27.4,0.088472298,248814,0.13543134,1,23
68,"Atlantic",0.75,0,6,28.45,0.12607744,246664,0.1267528,1,24
69,"Atlantic",0.75,0,7,29.74,0.17042223,232825,0.069012813,1,24
70,"Atlantic",0.75,1,8,31.08,0.21449381,234103,0.074486904,1,24
71,"Atlantic",1,0,1,32.43,0.042519395,246398,0.051186925,1,25
72,"Atlantic",1,0,2,33.38,0.071392393,255773,0.088529143,1,25
73,"Atlantic",1,0,3,34.58,0.10671095,270173,0.14330131,1,25
74,"Atlantic",1,0,4,38.15,0.20496123,269481,0.1407367,1,26
75,"Atlantic",1,0,5,42.24,0.30680311,256683,0.092080671,1,26
76,"Atlantic",1,0,6,44.5,0.35892466,266460,0.12946295,1,26
77,"Atlantic",1,1,7,47.36,0.42121347,243387,0.03889158,1,27
78,"Atlantic",1.25,1,1,50.6,0.066173586,251526,0.032893595,1,27
79,"Atlantic",1.5,0,1,54.9,0.081561772,225692,-0.10837513,1,27
80,"Atlantic",1.5,NA,2,NA,NA,NA,NA,0,NA
48,"Audio",0.35,1,1,19.14,0.06642117,242755,0.0025779323,0,NA
49,"Audio",0.35,0,2,19.32,0.075781613,243382,0.0051574535,0,NA
50,"Audio",0.35,0,3,19.46,0.083001861,251118,0.036448176,0,NA
51,"Audio",0.35,0,4,20.64,0.14187172,257160,0.060223687,0,NA
52,"Audio",0.35,0,5,21.15,0.16628069,274473,0.12537812,0,NA
53,"Audio",0.35,0,6,21.57,0.18594424,267949,0.10132189,1,28
54,"Audio",0.35,1,7,21.8,0.19655075,254112,0.048300343,1,28
55,"Audio",0.5,0,1,22.13,0.015024184,252832,-0.0050498782,1,28
56,"Audio",0.5,0,2,22.92,0.050099922,257368,0.012731853,1,29
57,"Audio",0.5,0,3,23.71,0.08398693,251761,-0.0092948899,1,29
58,"Audio",0.5,0,4,24.11,0.10071672,234011,-0.082406992,1,29
59,"Audio",0.5,0,5,24.37,0.1114429,227322,-0.1114076,1,30
60,"Audio",0.5,0,6,24.65,0.12286693,225896,-0.1177004,1,30
61,"Audio",0.5,0,7,24.85,0.13094778,218997,-0.14871708,1,30
62,"Audio",0.5,0,8,25.08,0.14016075,217299,-0.15650083,1,31
63,"Audio",0.5,1,9,25.27,0.14770795,225468,-0.11959687,1,31
64,"Audio",0.6,0,1,25.58,0.012192875,226379,0.0040323438,1,31
65,"Audio",0.6,0,2,25.94,0.026168257,237203,0.050738073,1,32
66,"Audio",0.6,0,3,26.54,0.049035108,243599,0.077345189,1,32
67,"Audio",0.6,0,4,27.4,0.080925092,248814,0.098527387,1,32
68,"Audio",0.6,0,5,28.45,0.11853024,246664,0.089848845,1,33
69,"Audio",0.6,0,6,29.74,0.16287502,232825,0.032108856,1,33
70,"Audio",0.6,0,7,31.08,0.2069466,234103,0.037582947,1,33
71,"Audio",0.6,0,8,32.43,0.249466,246398,0.088769873,1,34
72,"Audio",0.6,0,9,33.38,0.278339,255773,0.12611209,1,34
73,"Audio",0.6,1,10,34.58,0.31365756,270173,0.18088425,1,34
74,"Audio",0.75,0,1,38.15,0.098250277,269481,-0.0025646076,1,35
75,"Audio",0.75,0,2,42.24,0.20009216,256683,-0.051220634,1,35
76,"Audio",0.75,1,3,44.5,0.25221371,266460,-0.013838356,1,35
77,"Audio",1,0,1,47.36,0.062288801,243387,-0.090571369,1,36
78,"Audio",1,1,2,50.6,0.12846239,251526,-0.057677775,1,36
79,"Audio",1.25,0,1,54.9,0.081561772,225692,-0.10837513,1,36
80,"Audio",1.25,NA,2,NA,NA,NA,NA,0,NA
48,"Better Homes and Gardens",0.25,1,1,19.14,0.06642117,242755,0.0025779323,0,NA
49,"Better Homes and Gardens",0.25,0,2,19.32,0.075781613,243382,0.0051574535,0,NA
50,"Better Homes and Gardens",0.25,0,3,19.46,0.083001861,251118,0.036448176,0,NA
51,"Better Homes and Gardens",0.25,0,4,20.64,0.14187172,257160,0.060223687,0,NA
52,"Better Homes and Gardens",0.25,0,5,21.15,0.16628069,274473,0.12537812,0,NA
53,"Better Homes and Gardens",0.25,0,6,21.57,0.18594424,267949,0.10132189,1,37
54,"Better Homes and Gardens",0.25,0,7,21.8,0.19655075,254112,0.048300343,1,37
55,"Better Homes and Gardens",0.25,0,8,22.13,0.21157494,252832,0.043250465,1,37
56,"Better Homes and Gardens",0.25,1,9,22.92,0.24665068,257368,0.061032195,1,38
57,"Better Homes and Gardens",0.35,0,1,23.71,0.033887008,251761,-0.022026743,1,38
58,"Better Homes and Gardens",0.35,0,2,24.11,0.0506168,234011,-0.095138845,1,38
59,"Better Homes and Gardens",0.35,0,3,24.37,0.061342976,227322,-0.12413945,1,39
60,"Better Homes and Gardens",0.35,0,4,24.65,0.072767009,225896,-0.13043225,1,39
61,"Better Homes and Gardens",0.35,0,5,24.85,0.080847861,218997,-0.16144894,1,39
62,"Better Homes and Gardens",0.35,0,6,25.08,0.090060824,217299,-0.16923268,1,40
63,"Better Homes and Gardens",0.35,0,7,25.27,0.09760803,225468,-0.13232873,1,40
64,"Better Homes and Gardens",0.35,0,8,25.58,0.1098009,226379,-0.12829638,1,40
65,"Better Homes and Gardens",0.35,0,9,25.94,0.12377629,237203,-0.081590653,1,41
66,"Better Homes and Gardens",0.35,0,10,26.54,0.14664314,243599,-0.054983537,1,41
67,"Better Homes and Gardens",0.35,1,11,27.4,0.17853312,248814,-0.033801338,1,41
68,"Better Homes and Gardens",0.5,0,1,28.45,0.037605147,246664,-0.0086785427,1,42
69,"Better Homes and Gardens",0.5,0,2,29.74,0.081949928,232825,-0.066418531,1,42
70,"Better Homes and Gardens",0.5,0,3,31.08,0.12602151,234103,-0.06094444,1,42
71,"Better Homes and Gardens",0.5,0,4,32.43,0.16854091,246398,-0.0097575146,1,43
72,"Better Homes and Gardens",0.5,0,5,33.38,0.1974139,255773,0.027584703,1,43
73,"Better Homes and Gardens",0.5,0,6,34.58,0.23273247,270173,0.082356865,1,43
74,"Better Homes and Gardens",0.5,1,7,38.15,0.33098274,269481,0.079792258,1,44
75,"Better Homes and Gardens",0.75,1,1,42.24,0.10184188,256683,-0.048656026,1,44
76,"Better Homes and Gardens",0.95,0,1,44.5,0.05212155,266460,0.037382278,1,44
77,"Better Homes and Gardens",0.95,0,2,47.36,0.11441035,243387,-0.053189091,1,45
78,"Better Homes and Gardens",0.95,0,3,50.6,0.18058394,251526,-0.020295497,1,45
79,"Better Homes and Gardens",0.95,1,4,54.9,0.26214571,225692,-0.12867062,1,45
80,"Better Homes and Gardens",1,NA,1,NA,NA,NA,NA,0,NA
49,"Business Week",0.25,1,1,19.32,0.0093604428,243382,0.0025795212,0,NA
50,"Business Week",0.25,0,2,19.46,0.016580691,251118,0.033870244,0,NA
51,"Business Week",0.25,0,3,20.64,0.075450555,257160,0.057645755,0,NA
52,"Business Week",0.25,0,4,21.15,0.099859519,274473,0.12280019,0,NA
53,"Business Week",0.25,0,5,21.57,0.11952307,267949,0.09874396,1,46
54,"Business Week",0.25,0,6,21.8,0.13012958,254112,0.04572241,1,46
55,"Business Week",0.25,0,7,22.13,0.14515377,252832,0.040672532,1,46
56,"Business Week",0.25,1,8,22.92,0.18022951,257368,0.058454263,1,47
57,"Business Week",0.5,0,1,23.71,0.033887008,251761,-0.022026743,1,47
58,"Business Week",0.5,0,2,24.11,0.0506168,234011,-0.095138845,1,47
59,"Business Week",0.5,0,3,24.37,0.061342976,227322,-0.12413945,1,48
60,"Business Week",0.5,0,4,24.65,0.072767009,225896,-0.13043225,1,48
61,"Business Week",0.5,0,5,24.85,0.080847861,218997,-0.16144894,1,48
62,"Business Week",0.5,0,6,25.08,0.090060824,217299,-0.16923268,1,49
63,"Business Week",0.5,0,7,25.27,0.09760803,225468,-0.13232873,1,49
64,"Business Week",0.5,0,8,25.58,0.1098009,226379,-0.12829638,1,49
65,"Business Week",0.5,0,9,25.94,0.12377629,237203,-0.081590653,1,50
66,"Business Week",0.5,0,10,26.54,0.14664314,243599,-0.054983537,1,50
67,"Business Week",0.5,1,11,27.4,0.17853312,248814,-0.033801338,1,50
68,"Business Week",1,0,1,28.45,0.037605147,246664,-0.0086785427,1,51
69,"Business Week",1,0,2,29.74,0.081949928,232825,-0.066418531,1,51
70,"Business Week",1,0,3,31.08,0.12602151,234103,-0.06094444,1,51
71,"Business Week",1,0,4,32.43,0.16854091,246398,-0.0097575146,1,52
72,"Business Week",1,0,5,33.38,0.1974139,255773,0.027584703,1,52
73,"Business Week",1,0,6,34.58,0.23273247,270173,0.082356865,1,52
74,"Business Week",1,0,7,38.15,0.33098274,269481,0.079792258,1,53
75,"Business Week",1,0,8,42.24,0.43282463,256683,0.031136231,1,53
76,"Business Week",1,1,9,44.5,0.48494618,266460,0.068518509,1,53
77,"Business Week",1.25,0,1,47.36,0.062288801,243387,-0.090571369,1,54
78,"Business Week",1.25,0,2,50.6,0.12846239,251526,-0.057677775,1,54
79,"Business Week",1.25,1,3,54.9,0.21002416,225692,-0.1660529,1,54
80,"Business Week",1.5,NA,1,NA,NA,NA,NA,0,NA
47,"Commentary",0.5,1,1,17.91,0.10902751,242130,0.040846947,0,NA
48,"Commentary",0.5,0,2,19.14,0.17544868,242755,0.043424879,0,NA
49,"Commentary",0.5,0,3,19.32,0.18480912,243382,0.0460044,0,NA
50,"Commentary",0.5,0,4,19.46,0.19202937,251118,0.077295123,0,NA
51,"Commentary",0.5,0,5,20.64,0.25089923,257160,0.10107063,0,NA
52,"Commentary",0.5,0,6,21.15,0.2753082,274473,0.16622507,0,NA
53,"Commentary",0.5,0,7,21.57,0.29497175,267949,0.14216884,1,55
54,"Commentary",0.5,0,8,21.8,0.30557826,254112,0.08914729,1,55
55,"Commentary",0.5,0,9,22.13,0.32060245,252832,0.084097412,1,55
56,"Commentary",0.5,0,10,22.92,0.35567818,257368,0.10187914,1,56
57,"Commentary",0.5,0,11,23.71,0.38956519,251761,0.0798524,1,56
58,"Commentary",0.5,1,12,24.11,0.40629498,234011,0.0067402978,1,56
59,"Commentary",0.6,0,1,24.37,0.010726175,227322,-0.029000608,1,57
60,"Commentary",0.6,0,2,24.65,0.022150208,225896,-0.035293406,1,57
61,"Commentary",0.6,0,3,24.85,0.03023106,218997,-0.066310092,1,57
62,"Commentary",0.6,0,4,25.08,0.039444024,217299,-0.074093837,1,58
63,"Commentary",0.6,1,5,25.27,0.046991229,225468,-0.037189881,1,58
64,"Commentary",0.75,0,1,25.58,0.012192875,226379,0.0040323438,1,58
65,"Commentary",0.75,0,2,25.94,0.026168257,237203,0.050738073,1,59
66,"Commentary",0.75,0,3,26.54,0.049035108,243599,0.077345189,1,59
67,"Commentary",0.75,1,4,27.4,0.080925092,248814,0.098527387,1,59
68,"Commentary",1,0,1,28.45,0.037605147,246664,-0.0086785427,1,60
69,"Commentary",1,0,2,29.74,0.081949928,232825,-0.066418531,1,60
70,"Commentary",1,0,3,31.08,0.12602151,234103,-0.06094444,1,60
71,"Commentary",1,0,4,32.43,0.16854091,246398,-0.0097575146,1,61
72,"Commentary",1,1,5,33.38,0.1974139,255773,0.027584703,1,61
73,"Commentary",1.25,0,1,34.58,0.035318562,270173,0.054772162,1,61
74,"Commentary",1.25,1,2,38.15,0.13356884,269481,0.052207555,1,62
75,"Commentary",1.5,0,1,42.24,0.10184188,256683,-0.048656026,1,62
76,"Commentary",1.5,1,2,44.5,0.15396343,266460,-0.011273748,1,62
77,"Commentary",2,0,1,47.36,0.062288801,243387,-0.090571369,1,63
78,"Commentary",2,1,2,50.6,0.12846239,251526,-0.057677775,1,63
79,"Commentary",2.5,0,1,54.9,0.081561772,225692,-0.10837513,1,63
80,"Commentary",2.5,NA,2,NA,NA,NA,NA,0,NA
47,"Consumer Reports ",0.35,1,1,17.91,0.10902751,242130,0.040846947,0,NA
48,"Consumer Reports ",0.35,0,2,19.14,0.17544868,242755,0.043424879,0,NA
49,"Consumer Reports ",0.35,0,3,19.32,0.18480912,243382,0.0460044,0,NA
50,"Consumer Reports ",0.35,0,4,19.46,0.19202937,251118,0.077295123,0,NA
51,"Consumer Reports ",0.35,0,5,20.64,0.25089923,257160,0.10107063,0,NA
52,"Consumer Reports ",0.35,0,6,21.15,0.2753082,274473,0.16622507,0,NA
53,"Consumer Reports ",0.35,0,7,21.57,0.29497175,267949,0.14216884,1,64
54,"Consumer Reports ",0.35,0,8,21.8,0.30557826,254112,0.08914729,1,64
55,"Consumer Reports ",0.35,0,9,22.13,0.32060245,252832,0.084097412,1,64
56,"Consumer Reports ",0.35,0,10,22.92,0.35567818,257368,0.10187914,1,65
57,"Consumer Reports ",0.35,1,11,23.71,0.38956519,251761,0.0798524,1,65
58,"Consumer Reports ",0.5,0,1,24.11,0.016729792,234011,-0.073112102,1,65
59,"Consumer Reports ",0.5,0,2,24.37,0.027455968,227322,-0.10211271,1,66
60,"Consumer Reports ",0.5,0,3,24.65,0.03888,225896,-0.10840551,1,66
61,"Consumer Reports ",0.5,0,4,24.85,0.046960852,218997,-0.13942219,1,66
62,"Consumer Reports ",0.5,0,5,25.08,0.056173816,217299,-0.14720594,1,67
63,"Consumer Reports ",0.5,0,6,25.27,0.063721021,225468,-0.11030198,1,67
64,"Consumer Reports ",0.5,0,7,25.58,0.075913896,226379,-0.10626964,1,67
65,"Consumer Reports ",0.5,0,8,25.94,0.089889279,237203,-0.05956391,1,68
66,"Consumer Reports ",0.5,0,9,26.54,0.11275613,243599,-0.032956794,1,68
67,"Consumer Reports ",0.5,0,10,27.4,0.14464611,248814,-0.011774595,1,68
68,"Consumer Reports ",0.5,0,11,28.45,0.18225126,246664,-0.020453138,1,69
69,"Consumer Reports ",0.5,1,12,29.74,0.22659604,232825,-0.078193126,1,69
70,"Consumer Reports ",0.6,0,1,31.08,0.044071584,234103,0.005474091,1,69
71,"Consumer Reports ",0.6,0,2,32.43,0.086590979,246398,0.056661016,1,70
72,"Consumer Reports ",0.6,0,3,33.38,0.11546398,255773,0.094003234,1,70
73,"Consumer Reports ",0.6,1,4,34.58,0.15078254,270173,0.1487754,1,70
74,"Consumer Reports ",1,0,1,38.15,0.098250277,269481,-0.0025646076,1,71
75,"Consumer Reports ",1,0,2,42.24,0.20009216,256683,-0.051220634,1,71
76,"Consumer Reports ",1,0,3,44.5,0.25221371,266460,-0.013838356,1,71
77,"Consumer Reports ",1,0,4,47.36,0.31450251,243387,-0.10440973,1,72
78,"Consumer Reports ",1,0,5,50.6,0.3806761,251526,-0.071516131,1,72
79,"Consumer Reports ",1,1,6,54.9,0.46223787,225692,-0.17989126,1,72
80,"Consumer Reports ",1.25,NA,1,NA,NA,NA,NA,0,NA
48,"Current History",0.35,1,1,19.14,0.06642117,242755,0.0025779323,0,NA
49,"Current History",0.35,0,2,19.32,0.075781613,243382,0.0051574535,0,NA
50,"Current History",0.35,0,3,19.46,0.083001861,251118,0.036448176,0,NA
51,"Current History",0.35,1,4,20.64,0.14187172,257160,0.060223687,0,NA
52,"Current History",0.5,0,1,21.15,0.024408965,274473,0.065154436,0,NA
53,"Current History",0.5,0,2,21.57,0.04407252,267949,0.041098205,1,73
54,"Current History",0.5,0,3,21.8,0.054679029,254112,-0.011923345,1,73
55,"Current History",0.5,0,4,22.13,0.069703213,252832,-0.016973223,1,73
56,"Current History",0.5,1,5,22.92,0.10477895,257368,0.00080850804,1,74
57,"Current History",0.65,0,1,23.71,0.033887008,251761,-0.022026743,1,74
58,"Current History",0.65,0,2,24.11,0.0506168,234011,-0.095138845,1,74
59,"Current History",0.65,1,3,24.37,0.061342976,227322,-0.12413945,1,75
60,"Current History",0.85,0,1,24.65,0.011424033,225896,-0.0062927982,1,75
61,"Current History",0.85,0,2,24.85,0.019504885,218997,-0.037309483,1,75
62,"Current History",0.85,0,3,25.08,0.028717848,217299,-0.045093229,1,76
63,"Current History",0.85,0,4,25.27,0.036265054,225468,-0.0081892726,1,76
64,"Current History",0.85,1,5,25.58,0.048457929,226379,-0.0041569287,1,76
65,"Current History",0.9,0,1,25.94,0.013975383,237203,0.046705729,1,77
66,"Current History",0.9,1,2,26.54,0.036842233,243599,0.073312845,1,77
67,"Current History",0.95,0,1,27.4,0.031889984,248814,0.021182199,1,77
68,"Current History",0.95,0,2,28.45,0.069495132,246664,0.012503656,1,78
69,"Current History",0.95,1,3,29.74,0.11383991,232825,-0.045236332,1,78
70,"Current History",1,0,1,31.08,0.044071584,234103,0.005474091,1,78
71,"Current History",1,0,2,32.43,0.086590979,246398,0.056661016,1,79
72,"Current History",1,0,3,33.38,0.11546398,255773,0.094003234,1,79
73,"Current History",1,0,4,34.58,0.15078254,270173,0.1487754,1,79
74,"Current History",1,1,5,38.15,0.24903282,269481,0.14621079,1,80
75,"Current History",1.5,0,1,42.24,0.10184188,256683,-0.048656026,1,80
76,"Current History",1.5,1,2,44.5,0.15396343,266460,-0.011273748,1,80
77,"Current History",1.75,0,1,47.36,0.062288801,243387,-0.090571369,1,81
78,"Current History",1.75,1,2,50.6,0.12846239,251526,-0.057677775,1,81
79,"Current History",2,1,1,54.9,0.081561772,225692,-0.10837513,1,81
80,"Current History",2.25,NA,1,NA,NA,NA,NA,0,NA
49,"Ebony",0.3,1,1,19.32,0.0093604428,243382,0.0025795212,0,NA
50,"Ebony",0.3,0,2,19.46,0.016580691,251118,0.033870244,0,NA
51,"Ebony",0.3,0,3,20.64,0.075450555,257160,0.057645755,0,NA
52,"Ebony",0.3,0,4,21.15,0.099859519,274473,0.12280019,0,NA
53,"Ebony",0.3,0,5,21.57,0.11952307,267949,0.09874396,1,82
54,"Ebony",0.3,0,6,21.8,0.13012958,254112,0.04572241,1,82
55,"Ebony",0.3,0,7,22.13,0.14515377,252832,0.040672532,1,82
56,"Ebony",0.3,1,8,22.92,0.18022951,257368,0.058454263,1,83
57,"Ebony",0.35,0,1,23.71,0.033887008,251761,-0.022026743,1,83
58,"Ebony",0.35,0,2,24.11,0.0506168,234011,-0.095138845,1,83
59,"Ebony",0.35,0,3,24.37,0.061342976,227322,-0.12413945,1,84
60,"Ebony",0.35,0,4,24.65,0.072767009,225896,-0.13043225,1,84
61,"Ebony",0.35,0,5,24.85,0.080847861,218997,-0.16144894,1,84
62,"Ebony",0.35,0,6,25.08,0.090060824,217299,-0.16923268,1,85
63,"Ebony",0.35,1,7,25.27,0.09760803,225468,-0.13232873,1,85
64,"Ebony",0.5,0,1,25.58,0.012192875,226379,0.0040323438,1,85
65,"Ebony",0.5,0,2,25.94,0.026168257,237203,0.050738073,1,86
66,"Ebony",0.5,0,3,26.54,0.049035108,243599,0.077345189,1,86
67,"Ebony",0.5,0,4,27.4,0.080925092,248814,0.098527387,1,86
68,"Ebony",0.5,1,5,28.45,0.11853024,246664,0.089848845,1,87
69,"Ebony",0.6,1,1,29.74,0.04434478,232825,-0.057739988,1,87
70,"Ebony",0.75,0,1,31.08,0.044071584,234103,0.005474091,1,87
71,"Ebony",0.75,0,2,32.43,0.086590979,246398,0.056661016,1,88
72,"Ebony",0.75,0,3,33.38,0.11546398,255773,0.094003234,1,88
73,"Ebony",0.75,0,4,34.58,0.15078254,270173,0.1487754,1,88
74,"Ebony",0.75,0,5,38.15,0.24903282,269481,0.14621079,1,89
75,"Ebony",0.75,1,6,42.24,0.3508747,256683,0.097554762,1,89
76,"Ebony",1,1,1,44.5,0.05212155,266460,0.037382278,1,89
77,"Ebony",1.25,0,1,47.36,0.062288801,243387,-0.090571369,1,90
78,"Ebony",1.25,0,2,50.6,0.12846239,251526,-0.057677775,1,90
79,"Ebony",1.25,1,3,54.9,0.21002416,225692,-0.1660529,1,90
80,"Ebony",1.5,NA,1,NA,NA,NA,NA,0,NA
48,"Esquire",0.5,1,1,19.14,0.06642117,242755,0.0025779323,0,NA
49,"Esquire",0.5,0,2,19.32,0.075781613,243382,0.0051574535,0,NA
50,"Esquire",0.5,0,3,19.46,0.083001861,251118,0.036448176,0,NA
51,"Esquire",0.5,0,4,20.64,0.14187172,257160,0.060223687,0,NA
52,"Esquire",0.5,0,5,21.15,0.16628069,274473,0.12537812,0,NA
53,"Esquire",0.5,0,6,21.57,0.18594424,267949,0.10132189,1,91
54,"Esquire",0.5,1,7,21.8,0.19655075,254112,0.048300343,1,91
55,"Esquire",0.6,0,1,22.13,0.015024184,252832,-0.0050498782,1,91
56,"Esquire",0.6,0,2,22.92,0.050099922,257368,0.012731853,1,92
57,"Esquire",0.6,0,3,23.71,0.08398693,251761,-0.0092948899,1,92
58,"Esquire",0.6,0,4,24.11,0.10071672,234011,-0.082406992,1,92
59,"Esquire",0.6,0,5,24.37,0.1114429,227322,-0.1114076,1,93
60,"Esquire",0.6,0,6,24.65,0.12286693,225896,-0.1177004,1,93
61,"Esquire",0.6,0,7,24.85,0.13094778,218997,-0.14871708,1,93
62,"Esquire",0.6,0,8,25.08,0.14016075,217299,-0.15650083,1,94
63,"Esquire",0.6,0,9,25.27,0.14770795,225468,-0.11959687,1,94
64,"Esquire",0.6,1,10,25.58,0.15990083,226379,-0.11556453,1,94
65,"Esquire",0.75,0,1,25.94,0.013975383,237203,0.046705729,1,95
66,"Esquire",0.75,0,2,26.54,0.036842233,243599,0.073312845,1,95
67,"Esquire",0.75,1,3,27.4,0.068732217,248814,0.094495044,1,95
68,"Esquire",1,0,1,28.45,0.037605147,246664,-0.0086785427,1,96
69,"Esquire",1,0,2,29.74,0.081949928,232825,-0.066418531,1,96
70,"Esquire",1,0,3,31.08,0.12602151,234103,-0.06094444,1,96
71,"Esquire",1,0,4,32.43,0.16854091,246398,-0.0097575146,1,97
72,"Esquire",1,0,5,33.38,0.1974139,255773,0.027584703,1,97
73,"Esquire",1,0,6,34.58,0.23273247,270173,0.082356865,1,97
74,"Esquire",1,1,7,38.15,0.33098274,269481,0.079792258,1,98
75,"Esquire",1.5,0,1,42.24,0.10184188,256683,-0.048656026,1,98
76,"Esquire",1.5,0,2,44.5,0.15396343,266460,-0.011273748,1,98
77,"Esquire",1.5,0,3,47.36,0.21625223,243387,-0.10184512,1,99
78,"Esquire",1.5,0,4,50.6,0.28242582,251526,-0.068951523,1,99
79,"Esquire",1.5,0,5,54.9,0.36398759,225692,-0.17732665,1,99
80,"Esquire",1.5,NA,6,NA,NA,NA,NA,0,NA
50,"Films in Review",0.35,1,1,19.46,0.007220248,251118,0.031290723,0,NA
51,"Films in Review",0.35,0,2,20.64,0.066090112,257160,0.055066234,0,NA
52,"Films in Review",0.35,0,3,21.15,0.090499077,274473,0.12022067,0,NA
53,"Films in Review",0.35,0,4,21.57,0.11016263,267949,0.096164438,1,100
54,"Films in Review",0.35,0,5,21.8,0.12076914,254112,0.043142889,1,100
55,"Films in Review",0.35,1,6,22.13,0.13579333,252832,0.038093011,1,100
56,"Films in Review",0.4,1,1,22.92,0.035075738,257368,0.017781731,1,101
57,"Films in Review",0.5,0,1,23.71,0.033887008,251761,-0.022026743,1,101
58,"Films in Review",0.5,0,2,24.11,0.0506168,234011,-0.095138845,1,101
59,"Films in Review",0.5,1,3,24.37,0.061342976,227322,-0.12413945,1,102
60,"Films in Review",0.6,0,1,24.65,0.011424033,225896,-0.0062927982,1,102
61,"Films in Review",0.6,0,2,24.85,0.019504885,218997,-0.037309483,1,102
62,"Films in Review",0.6,0,3,25.08,0.028717848,217299,-0.045093229,1,103
63,"Films in Review",0.6,1,4,25.27,0.036265054,225468,-0.0081892726,1,103
64,"Films in Review",0.75,0,1,25.58,0.012192875,226379,0.0040323438,1,103
65,"Films in Review",0.75,0,2,25.94,0.026168257,237203,0.050738073,1,104
66,"Films in Review",0.75,0,3,26.54,0.049035108,243599,0.077345189,1,104
67,"Films in Review",0.75,0,4,27.4,0.080925092,248814,0.098527387,1,104
68,"Films in Review",0.75,1,5,28.45,0.11853024,246664,0.089848845,1,105
69,"Films in Review",0.9,0,1,29.74,0.04434478,232825,-0.057739988,1,105
70,"Films in Review",0.9,0,2,31.08,0.088416365,234103,-0.052265897,1,105
71,"Films in Review",0.9,0,3,32.43,0.13093576,246398,-0.0010789719,1,106
72,"Films in Review",0.9,1,4,33.38,0.15980876,255773,0.036263246,1,106
73,"Films in Review",1,1,1,34.58,0.035318562,270173,0.054772162,1,106
74,"Films in Review",1.25,1,1,38.15,0.098250277,269481,-0.0025646076,1,107
75,"Films in Review",1.5,1,1,42.24,0.10184188,256683,-0.048656026,1,107
76,"Films in Review",1.75,0,1,44.5,0.05212155,266460,0.037382278,1,107
77,"Films in Review",1.75,0,2,47.36,0.11441035,243387,-0.053189091,1,108
78,"Films in Review",1.75,0,3,50.6,0.18058394,251526,-0.020295497,1,108
79,"Films in Review",1.75,0,4,54.9,0.26214571,225692,-0.12867062,1,108
80,"Films in Review",1.75,NA,5,NA,NA,NA,NA,0,NA
50,"Foreign Affairs",1.5,1,1,19.46,0.007220248,251118,0.031290723,0,NA
51,"Foreign Affairs",1.5,0,2,20.64,0.066090112,257160,0.055066234,0,NA
52,"Foreign Affairs",1.5,0,3,21.15,0.090499077,274473,0.12022067,0,NA
53,"Foreign Affairs",1.5,0,4,21.57,0.11016263,267949,0.096164438,1,109
54,"Foreign Affairs",1.5,0,5,21.8,0.12076914,254112,0.043142889,1,109
55,"Foreign Affairs",1.5,0,6,22.13,0.13579333,252832,0.038093011,1,109
56,"Foreign Affairs",1.5,0,7,22.92,0.17086906,257368,0.055874742,1,110
57,"Foreign Affairs",1.5,0,8,23.71,0.20475607,251761,0.033847999,1,110
58,"Foreign Affairs",1.5,0,9,24.11,0.22148586,234011,-0.039264103,1,110
59,"Foreign Affairs",1.5,0,10,24.37,0.23221204,227322,-0.068264711,1,111
60,"Foreign Affairs",1.5,0,11,24.65,0.24363607,225896,-0.074557509,1,111
61,"Foreign Affairs",1.5,0,12,24.85,0.25171692,218997,-0.10557419,1,111
62,"Foreign Affairs",1.5,0,13,25.08,0.26092989,217299,-0.11335794,1,112
63,"Foreign Affairs",1.5,0,14,25.27,0.26847709,225468,-0.076453983,1,112
64,"Foreign Affairs",1.5,0,15,25.58,0.28066997,226379,-0.07242164,1,112
65,"Foreign Affairs",1.5,0,16,25.94,0.29464535,237203,-0.025715911,1,113
66,"Foreign Affairs",1.5,1,17,26.54,0.3175122,243599,0.00089120526,1,113
67,"Foreign Affairs",2,0,1,27.4,0.031889984,248814,0.021182199,1,113
68,"Foreign Affairs",2,0,2,28.45,0.069495132,246664,0.012503656,1,114
69,"Foreign Affairs",2,0,3,29.74,0.11383991,232825,-0.045236332,1,114
70,"Foreign Affairs",2,0,4,31.08,0.1579115,234103,-0.039762241,1,114
71,"Foreign Affairs",2,1,5,32.43,0.20043089,246398,0.011424684,1,115
72,"Foreign Affairs",2.5,0,1,33.38,0.028872998,255773,0.037342218,1,115
73,"Foreign Affairs",2.5,0,2,34.58,0.06419156,270173,0.09211438,1,115
74,"Foreign Affairs",2.5,0,3,38.15,0.16244184,269481,0.089549772,1,116
75,"Foreign Affairs",2.5,1,4,42.24,0.26428372,256683,0.040893746,1,116
76,"Foreign Affairs",3,0,1,44.5,0.05212155,266460,0.037382278,1,116
77,"Foreign Affairs",3,0,2,47.36,0.11441035,243387,-0.053189091,1,117
78,"Foreign Affairs",3,0,3,50.6,0.18058394,251526,-0.020295497,1,117
79,"Foreign Affairs",3,0,4,54.9,0.26214571,225692,-0.12867062,1,117
80,"Foreign Affairs",3,NA,5,NA,NA,NA,NA,0,NA
44,"Good Housekeeping",0.35,1,1,15.04,0.012040279,232439,0,0,NA
45,"Good Housekeeping",0.35,0,2,15.09,0.015359233,232439,0,0,NA
46,"Good Housekeeping",0.35,0,3,16.06,0.077658669,232439,0,0,NA
47,"Good Housekeeping",0.35,0,4,17.91,0.18668618,242130,0.040846947,0,NA
48,"Good Housekeeping",0.35,0,5,19.14,0.25310735,242755,0.043424879,0,NA
49,"Good Housekeeping",0.35,0,6,19.32,0.26246779,243382,0.0460044,0,NA
50,"Good Housekeeping",0.35,0,7,19.46,0.26968804,251118,0.077295123,0,NA
51,"Good Housekeeping",0.35,0,8,20.64,0.3285579,257160,0.10107063,0,NA
52,"Good Housekeeping",0.35,0,9,21.15,0.35296687,274473,0.16622507,0,NA
53,"Good Housekeeping",0.35,0,10,21.57,0.37263042,267949,0.14216884,1,118
54,"Good Housekeeping",0.35,0,11,21.8,0.38323693,254112,0.08914729,1,118
55,"Good Housekeeping",0.35,0,12,22.13,0.39826111,252832,0.084097412,1,118
56,"Good Housekeeping",0.35,0,13,22.92,0.43333685,257368,0.10187914,1,119
57,"Good Housekeeping",0.35,0,14,23.71,0.46722386,251761,0.0798524,1,119
58,"Good Housekeeping",0.35,0,15,24.11,0.48395365,234011,0.0067402978,1,119
59,"Good Housekeeping",0.35,0,16,24.37,0.49467983,227322,-0.02226031,1,120
60,"Good Housekeeping",0.35,0,17,24.65,0.50610386,225896,-0.028553109,1,120
61,"Good Housekeeping",0.35,0,18,24.85,0.51418471,218997,-0.059569794,1,120
62,"Good Housekeeping",0.35,1,19,25.08,0.52339768,217299,-0.06735354,1,121
63,"Good Housekeeping",0.5,0,1,25.27,0.0075472056,225468,0.036903957,1,121
64,"Good Housekeeping",0.5,0,2,25.58,0.01974008,226379,0.040936301,1,121
65,"Good Housekeeping",0.5,0,3,25.94,0.033715463,237203,0.087642029,1,122
66,"Good Housekeeping",0.5,0,4,26.54,0.056582313,243599,0.11424915,1,122
67,"Good Housekeeping",0.5,0,5,27.4,0.088472298,248814,0.13543134,1,122
68,"Good Housekeeping",0.5,0,6,28.45,0.12607744,246664,0.1267528,1,123
69,"Good Housekeeping",0.5,0,7,29.74,0.17042223,232825,0.069012813,1,123
70,"Good Housekeeping",0.5,1,8,31.08,0.21449381,234103,0.074486904,1,123
71,"Good Housekeeping",0.6,0,1,32.43,0.042519395,246398,0.051186925,1,124
72,"Good Housekeeping",0.6,0,2,33.38,0.071392393,255773,0.088529143,1,124
73,"Good Housekeeping",0.6,0,3,34.58,0.10671095,270173,0.14330131,1,124
74,"Good Housekeeping",0.6,1,4,38.15,0.20496123,269481,0.1407367,1,125
75,"Good Housekeeping",0.75,0,1,42.24,0.10184188,256683,-0.048656026,1,125
76,"Good Housekeeping",0.75,1,2,44.5,0.15396343,266460,-0.011273748,1,125
77,"Good Housekeeping",0.95,0,1,47.36,0.062288801,243387,-0.090571369,1,126
78,"Good Housekeeping",0.95,1,2,50.6,0.12846239,251526,-0.057677775,1,126
79,"Good Housekeeping",1.25,0,1,54.9,0.081561772,225692,-0.10837513,1,126
80,"Good Housekeeping",1.25,NA,2,NA,NA,NA,NA,0,NA
41,"Harper's Bazaar",0.5,1,1,13.4,0.060764557,232439,0,0,NA
42,"Harper's Bazaar",0.5,0,2,14.25,0.12226676,232439,0,0,NA
43,"Harper's Bazaar",0.5,0,3,14.86,0.16418289,232439,0,0,NA
44,"Harper's Bazaar",0.5,0,4,15.04,0.17622317,232439,0,0,NA
45,"Harper's Bazaar",0.5,0,5,15.09,0.17954212,232439,0,0,NA
46,"Harper's Bazaar",0.5,0,6,16.06,0.24184156,232439,0,0,NA
47,"Harper's Bazaar",0.5,1,7,17.91,0.35086907,242130,0.040846947,0,NA
48,"Harper's Bazaar",0.6,0,1,19.14,0.06642117,242755,0.0025779323,0,NA
49,"Harper's Bazaar",0.6,0,2,19.32,0.075781613,243382,0.0051574535,0,NA
50,"Harper's Bazaar",0.6,0,3,19.46,0.083001861,251118,0.036448176,0,NA
51,"Harper's Bazaar",0.6,0,4,20.64,0.14187172,257160,0.060223687,0,NA
52,"Harper's Bazaar",0.6,0,5,21.15,0.16628069,274473,0.12537812,0,NA
53,"Harper's Bazaar",0.6,0,6,21.57,0.18594424,267949,0.10132189,1,127
54,"Harper's Bazaar",0.6,0,7,21.8,0.19655075,254112,0.048300343,1,127
55,"Harper's Bazaar",0.6,0,8,22.13,0.21157494,252832,0.043250465,1,127
56,"Harper's Bazaar",0.6,0,9,22.92,0.24665068,257368,0.061032195,1,128
57,"Harper's Bazaar",0.6,0,10,23.71,0.28053768,251761,0.039005453,1,128
58,"Harper's Bazaar",0.6,0,11,24.11,0.29726748,234011,-0.034106649,1,128
59,"Harper's Bazaar",0.6,0,12,24.37,0.30799365,227322,-0.063107257,1,129
60,"Harper's Bazaar",0.6,0,13,24.65,0.31941768,225896,-0.069400056,1,129
61,"Harper's Bazaar",0.6,0,14,24.85,0.32749854,218997,-0.10041674,1,129
62,"Harper's Bazaar",0.6,0,15,25.08,0.3367115,217299,-0.10820049,1,130
63,"Harper's Bazaar",0.6,1,16,25.27,0.34425871,225468,-0.07129653,1,130
64,"Harper's Bazaar",0.75,0,1,25.58,0.012192875,226379,0.0040323438,1,130
65,"Harper's Bazaar",0.75,0,2,25.94,0.026168257,237203,0.050738073,1,131
66,"Harper's Bazaar",0.75,0,3,26.54,0.049035108,243599,0.077345189,1,131
67,"Harper's Bazaar",0.75,0,4,27.4,0.080925092,248814,0.098527387,1,131
68,"Harper's Bazaar",0.75,0,5,28.45,0.11853024,246664,0.089848845,1,132
69,"Harper's Bazaar",0.75,0,6,29.74,0.16287502,232825,0.032108856,1,132
70,"Harper's Bazaar",0.75,0,7,31.08,0.2069466,234103,0.037582947,1,132
71,"Harper's Bazaar",0.75,0,8,32.43,0.249466,246398,0.088769873,1,133
72,"Harper's Bazaar",0.75,0,9,33.38,0.278339,255773,0.12611209,1,133
73,"Harper's Bazaar",0.75,1,10,34.58,0.31365756,270173,0.18088425,1,133
74,"Harper's Bazaar",1,0,1,38.15,0.098250277,269481,-0.0025646076,1,134
75,"Harper's Bazaar",1,1,2,42.24,0.20009216,256683,-0.051220634,1,134
76,"Harper's Bazaar",1.25,0,1,44.5,0.05212155,266460,0.037382278,1,134
77,"Harper's Bazaar",1.25,0,2,47.36,0.11441035,243387,-0.053189091,1,135
78,"Harper's Bazaar",1.25,0,3,50.6,0.18058394,251526,-0.020295497,1,135
79,"Harper's Bazaar",1.25,0,4,54.9,0.26214571,225692,-0.12867062,1,135
80,"Harper's Bazaar",1.25,NA,5,NA,NA,NA,NA,0,NA
48,"Harper's Magazine",0.5,1,1,19.14,0.06642117,242755,0.0025779323,0,NA
49,"Harper's Magazine",0.5,0,2,19.32,0.075781613,243382,0.0051574535,0,NA
50,"Harper's Magazine",0.5,0,3,19.46,0.083001861,251118,0.036448176,0,NA
51,"Harper's Magazine",0.5,0,4,20.64,0.14187172,257160,0.060223687,0,NA
52,"Harper's Magazine",0.5,0,5,21.15,0.16628069,274473,0.12537812,0,NA
53,"Harper's Magazine",0.5,0,6,21.57,0.18594424,267949,0.10132189,1,136
54,"Harper's Magazine",0.5,0,7,21.8,0.19655075,254112,0.048300343,1,136
55,"Harper's Magazine",0.5,0,8,22.13,0.21157494,252832,0.043250465,1,136
56,"Harper's Magazine",0.5,0,9,22.92,0.24665068,257368,0.061032195,1,137
57,"Harper's Magazine",0.5,1,10,23.71,0.28053768,251761,0.039005453,1,137
58,"Harper's Magazine",0.6,0,1,24.11,0.016729792,234011,-0.073112102,1,137
59,"Harper's Magazine",0.6,0,2,24.37,0.027455968,227322,-0.10211271,1,138
60,"Harper's Magazine",0.6,0,3,24.65,0.03888,225896,-0.10840551,1,138
61,"Harper's Magazine",0.6,0,4,24.85,0.046960852,218997,-0.13942219,1,138
62,"Harper's Magazine",0.6,0,5,25.08,0.056173816,217299,-0.14720594,1,139
63,"Harper's Magazine",0.6,0,6,25.27,0.063721021,225468,-0.11030198,1,139
64,"Harper's Magazine",0.6,1,7,25.58,0.075913896,226379,-0.10626964,1,139
65,"Harper's Magazine",0.75,0,1,25.94,0.013975383,237203,0.046705729,1,140
66,"Harper's Magazine",0.75,0,2,26.54,0.036842233,243599,0.073312845,1,140
67,"Harper's Magazine",0.75,0,3,27.4,0.068732217,248814,0.094495044,1,140
68,"Harper's Magazine",0.75,0,4,28.45,0.10633736,246664,0.085816501,1,141
69,"Harper's Magazine",0.75,0,5,29.74,0.15068214,232825,0.028076513,1,141
70,"Harper's Magazine",0.75,1,6,31.08,0.19475373,234103,0.033550604,1,141
71,"Harper's Magazine",1,0,1,32.43,0.042519395,246398,0.051186925,1,142
72,"Harper's Magazine",1,0,2,33.38,0.071392393,255773,0.088529143,1,142
73,"Harper's Magazine",1,0,3,34.58,0.10671095,270173,0.14330131,1,142
74,"Harper's Magazine",1,0,4,38.15,0.20496123,269481,0.1407367,1,143
75,"Harper's Magazine",1,0,5,42.24,0.30680311,256683,0.092080671,1,143
76,"Harper's Magazine",1,0,6,44.5,0.35892466,266460,0.12946295,1,143
77,"Harper's Magazine",1,1,7,47.36,0.42121347,243387,0.03889158,1,144
78,"Harper's Magazine",1.25,1,1,50.6,0.066173586,251526,0.032893595,1,144
79,"Harper's Magazine",1.5,0,1,54.9,0.081561772,225692,-0.10837513,1,144
80,"Harper's Magazine",1.5,NA,2,NA,NA,NA,NA,0,NA
50,"High Fidelity",0.5,1,1,19.46,0.007220248,251118,0.031290723,0,NA
51,"High Fidelity",0.5,0,2,20.64,0.066090112,257160,0.055066234,0,NA
52,"High Fidelity",0.5,0,3,21.15,0.090499077,274473,0.12022067,0,NA
53,"High Fidelity",0.5,0,4,21.57,0.11016263,267949,0.096164438,1,145
54,"High Fidelity",0.5,0,5,21.8,0.12076914,254112,0.043142889,1,145
55,"High Fidelity",0.5,1,6,22.13,0.13579333,252832,0.038093011,1,145
56,"High Fidelity",0.6,0,1,22.92,0.035075738,257368,0.017781731,1,146
57,"High Fidelity",0.6,0,2,23.71,0.068962746,251761,-0.0042450118,1,146
58,"High Fidelity",0.6,0,3,24.11,0.085692538,234011,-0.077357114,1,146
59,"High Fidelity",0.6,0,4,24.37,0.096418714,227322,-0.10635772,1,147
60,"High Fidelity",0.6,0,5,24.65,0.10784275,225896,-0.11265052,1,147
61,"High Fidelity",0.6,0,6,24.85,0.1159236,218997,-0.14366721,1,147
62,"High Fidelity",0.6,0,7,25.08,0.12513656,217299,-0.15145095,1,148
63,"High Fidelity",0.6,0,8,25.27,0.13268377,225468,-0.11454699,1,148
64,"High Fidelity",0.6,0,9,25.58,0.14487664,226379,-0.11051465,1,148
65,"High Fidelity",0.6,1,10,25.94,0.15885202,237203,-0.063808922,1,149
66,"High Fidelity",0.75,0,1,26.54,0.02286685,243599,0.026607116,1,149
67,"High Fidelity",0.75,0,2,27.4,0.054756835,248814,0.047789315,1,149
68,"High Fidelity",0.75,1,3,28.45,0.092361982,246664,0.039110772,1,150
69,"High Fidelity",1.25,0,1,29.74,0.04434478,232825,-0.057739988,1,150
70,"High Fidelity",1.25,0,2,31.08,0.088416365,234103,-0.052265897,1,150
71,"High Fidelity",1.25,0,3,32.43,0.13093576,246398,-0.0010789719,1,151
72,"High Fidelity",1.25,0,4,33.38,0.15980876,255773,0.036263246,1,151
73,"High Fidelity",1.25,0,5,34.58,0.19512732,270173,0.091035408,1,151
74,"High Fidelity",1.25,1,6,38.15,0.2933776,269481,0.0884708,1,152
75,"High Fidelity",1.5,0,1,42.24,0.10184188,256683,-0.048656026,1,152
76,"High Fidelity",1.5,0,2,44.5,0.15396343,266460,-0.011273748,1,152
77,"High Fidelity",1.5,1,3,47.36,0.21625223,243387,-0.10184512,1,153
78,"High Fidelity",1.95,0,1,50.6,0.066173586,251526,0.032893595,1,153
79,"High Fidelity",1.95,0,2,54.9,0.14773536,225692,-0.075481531,1,153
80,"High Fidelity",1.95,NA,3,NA,NA,NA,NA,0,NA
48,"House and Garden",0.5,1,1,19.14,0.06642117,242755,0.0025779323,0,NA
49,"House and Garden",0.5,0,2,19.32,0.075781613,243382,0.0051574535,0,NA
50,"House and Garden",0.5,0,3,19.46,0.083001861,251118,0.036448176,0,NA
51,"House and Garden",0.5,0,4,20.64,0.14187172,257160,0.060223687,0,NA
52,"House and Garden",0.5,0,5,21.15,0.16628069,274473,0.12537812,0,NA
53,"House and Garden",0.5,0,6,21.57,0.18594424,267949,0.10132189,1,154
54,"House and Garden",0.5,0,7,21.8,0.19655075,254112,0.048300343,1,154
55,"House and Garden",0.5,0,8,22.13,0.21157494,252832,0.043250465,1,154
56,"House and Garden",0.5,0,9,22.92,0.24665068,257368,0.061032195,1,155
57,"House and Garden",0.5,0,10,23.71,0.28053768,251761,0.039005453,1,155
58,"House and Garden",0.5,0,11,24.11,0.29726748,234011,-0.034106649,1,155
59,"House and Garden",0.5,0,12,24.37,0.30799365,227322,-0.063107257,1,156
60,"House and Garden",0.5,0,13,24.65,0.31941768,225896,-0.069400056,1,156
61,"House and Garden",0.5,0,14,24.85,0.32749854,218997,-0.10041674,1,156
62,"House and Garden",0.5,0,15,25.08,0.3367115,217299,-0.10820049,1,157
63,"House and Garden",0.5,1,16,25.27,0.34425871,225468,-0.07129653,1,157
64,"House and Garden",0.6,0,1,25.58,0.012192875,226379,0.0040323438,1,157
65,"House and Garden",0.6,0,2,25.94,0.026168257,237203,0.050738073,1,158
66,"House and Garden",0.6,0,3,26.54,0.049035108,243599,0.077345189,1,158
67,"House and Garden",0.6,1,4,27.4,0.080925092,248814,0.098527387,1,158
68,"House and Garden",0.75,0,1,28.45,0.037605147,246664,-0.0086785427,1,159
69,"House and Garden",0.75,0,2,29.74,0.081949928,232825,-0.066418531,1,159
70,"House and Garden",0.75,0,3,31.08,0.12602151,234103,-0.06094444,1,159
71,"House and Garden",0.75,0,4,32.43,0.16854091,246398,-0.0097575146,1,160
72,"House and Garden",0.75,0,5,33.38,0.1974139,255773,0.027584703,1,160
73,"House and Garden",0.75,0,6,34.58,0.23273247,270173,0.082356865,1,160
74,"House and Garden",0.75,1,7,38.15,0.33098274,269481,0.079792258,1,161
75,"House and Garden",1,0,1,42.24,0.10184188,256683,-0.048656026,1,161
76,"House and Garden",1,0,2,44.5,0.15396343,266460,-0.011273748,1,161
77,"House and Garden",1,0,3,47.36,0.21625223,243387,-0.10184512,1,162
78,"House and Garden",1,1,4,50.6,0.28242582,251526,-0.068951523,1,162
79,"House and Garden",1.25,0,1,54.9,0.081561772,225692,-0.10837513,1,162
80,"House and Garden",1.25,NA,2,NA,NA,NA,NA,0,NA
48,"House Beautiful",0.5,1,1,19.14,0.06642117,242755,0.0025779323,0,NA
49,"House Beautiful",0.5,0,2,19.32,0.075781613,243382,0.0051574535,0,NA
50,"House Beautiful",0.5,0,3,19.46,0.083001861,251118,0.036448176,0,NA
51,"House Beautiful",0.5,0,4,20.64,0.14187172,257160,0.060223687,0,NA
52,"House Beautiful",0.5,0,5,21.15,0.16628069,274473,0.12537812,0,NA
53,"House Beautiful",0.5,0,6,21.57,0.18594424,267949,0.10132189,1,163
54,"House Beautiful",0.5,0,7,21.8,0.19655075,254112,0.048300343,1,163
55,"House Beautiful",0.5,0,8,22.13,0.21157494,252832,0.043250465,1,163
56,"House Beautiful",0.5,0,9,22.92,0.24665068,257368,0.061032195,1,164
57,"House Beautiful",0.5,0,10,23.71,0.28053768,251761,0.039005453,1,164
58,"House Beautiful",0.5,0,11,24.11,0.29726748,234011,-0.034106649,1,164
59,"House Beautiful",0.5,0,12,24.37,0.30799365,227322,-0.063107257,1,165
60,"House Beautiful",0.5,1,13,24.65,0.31941768,225896,-0.069400056,1,165
61,"House Beautiful",0.6,0,1,24.85,0.0080808521,218997,-0.031016685,1,165
62,"House Beautiful",0.6,0,2,25.08,0.017293815,217299,-0.038800431,1,166
63,"House Beautiful",0.6,0,3,25.27,0.024841021,225468,-0.0018964744,1,166
64,"House Beautiful",0.6,0,4,25.58,0.037033896,226379,0.0021358695,1,166
65,"House Beautiful",0.6,0,5,25.94,0.051009278,237203,0.048841598,1,167
66,"House Beautiful",0.6,0,6,26.54,0.073876128,243599,0.075448714,1,167
67,"House Beautiful",0.6,1,7,27.4,0.10576611,248814,0.096630913,1,167
68,"House Beautiful",0.75,0,1,28.45,0.037605147,246664,-0.0086785427,1,168
69,"House Beautiful",0.75,0,2,29.74,0.081949928,232825,-0.066418531,1,168
70,"House Beautiful",0.75,0,3,31.08,0.12602151,234103,-0.06094444,1,168
71,"House Beautiful",0.75,0,4,32.43,0.16854091,246398,-0.0097575146,1,169
72,"House Beautiful",0.75,0,5,33.38,0.1974139,255773,0.027584703,1,169
73,"House Beautiful",0.75,0,6,34.58,0.23273247,270173,0.082356865,1,169
74,"House Beautiful",0.75,1,7,38.15,0.33098274,269481,0.079792258,1,170
75,"House Beautiful",1,0,1,42.24,0.10184188,256683,-0.048656026,1,170
76,"House Beautiful",1,0,2,44.5,0.15396343,266460,-0.011273748,1,170
77,"House Beautiful",1,0,3,47.36,0.21625223,243387,-0.10184512,1,171
78,"House Beautiful",1,0,4,50.6,0.28242582,251526,-0.068951523,1,171
79,"House Beautiful",1,1,5,54.9,0.36398759,225692,-0.17732665,1,171
80,"House Beautiful",1.25,NA,1,NA,NA,NA,NA,0,NA
47,"Interiors",0.5,1,1,17.91,0.10902751,242130,0.040846947,0,NA
48,"Interiors",0.5,0,2,19.14,0.17544868,242755,0.043424879,0,NA
49,"Interiors",0.5,0,3,19.32,0.18480912,243382,0.0460044,0,NA
50,"Interiors",0.5,1,4,19.46,0.19202937,251118,0.077295123,0,NA
51,"Interiors",0.75,0,1,20.64,0.058869864,257160,0.023775511,0,NA
52,"Interiors",0.75,1,2,21.15,0.083278829,274473,0.088929947,0,NA
53,"Interiors",1,0,1,21.57,0.019663555,267949,-0.024056232,1,172
54,"Interiors",1,0,2,21.8,0.030270064,254112,-0.077077781,1,172
55,"Interiors",1,0,3,22.13,0.045294249,252832,-0.082127659,1,172
56,"Interiors",1,0,4,22.92,0.080369986,257368,-0.064345928,1,173
57,"Interiors",1,0,5,23.71,0.11425699,251761,-0.086372671,1,173
58,"Interiors",1,0,6,24.11,0.13098679,234011,-0.15948477,1,173
59,"Interiors",1,0,7,24.37,0.14171296,227322,-0.18848538,1,174
60,"Interiors",1,0,8,24.65,0.15313699,225896,-0.19477818,1,174
61,"Interiors",1,0,9,24.85,0.16121785,218997,-0.22579486,1,174
62,"Interiors",1,0,10,25.08,0.17043081,217299,-0.23357861,1,175
63,"Interiors",1,0,11,25.27,0.17797802,225468,-0.19667465,1,175
64,"Interiors",1,0,12,25.58,0.19017089,226379,-0.19264231,1,175
65,"Interiors",1,0,13,25.94,0.20414627,237203,-0.14593658,1,176
66,"Interiors",1,0,14,26.54,0.22701312,243599,-0.11932946,1,176
67,"Interiors",1,0,15,27.4,0.25890311,248814,-0.098147266,1,176
68,"Interiors",1,0,16,28.45,0.29650826,246664,-0.10682581,1,177
69,"Interiors",1,1,17,29.74,0.34085304,232825,-0.1645658,1,177
70,"Interiors",1.5,0,1,31.08,0.044071584,234103,0.005474091,1,177
71,"Interiors",1.5,0,2,32.43,0.086590979,246398,0.056661016,1,178
72,"Interiors",1.5,1,3,33.38,0.11546398,255773,0.094003234,1,178
73,"Interiors",2,0,1,34.58,0.035318562,270173,0.054772162,1,178
74,"Interiors",2,0,2,38.15,0.13356884,269481,0.052207555,1,179
75,"Interiors",2,0,3,42.24,0.23541072,256683,0.0035515282,1,179
76,"Interiors",2,0,4,44.5,0.28753227,266460,0.040933806,1,179
77,"Interiors",2,1,5,47.36,0.34982107,243387,-0.049637563,1,180
78,"Interiors",3,0,1,50.6,0.066173586,251526,0.032893595,1,180
79,"Interiors",3,0,2,54.9,0.14773536,225692,-0.075481531,1,180
80,"Interiors",3,NA,3,NA,NA,NA,NA,0,NA
50,"Modern Photography",0.35,1,1,19.46,0.007220248,251118,0.031290723,0,NA
51,"Modern Photography",0.35,0,2,20.64,0.066090112,257160,0.055066234,0,NA
52,"Modern Photography",0.35,0,3,21.15,0.090499077,274473,0.12022067,0,NA
53,"Modern Photography",0.35,0,4,21.57,0.11016263,267949,0.096164438,1,181
54,"Modern Photography",0.35,0,5,21.8,0.12076914,254112,0.043142889,1,181
55,"Modern Photography",0.35,0,6,22.13,0.13579333,252832,0.038093011,1,181
56,"Modern Photography",0.35,0,7,22.92,0.17086906,257368,0.055874742,1,182
57,"Modern Photography",0.35,0,8,23.71,0.20475607,251761,0.033847999,1,182
58,"Modern Photography",0.35,1,9,24.11,0.22148586,234011,-0.039264103,1,182
59,"Modern Photography",0.4,0,1,24.37,0.010726175,227322,-0.029000608,1,183
60,"Modern Photography",0.4,0,2,24.65,0.022150208,225896,-0.035293406,1,183
61,"Modern Photography",0.4,1,3,24.85,0.03023106,218997,-0.066310092,1,183
62,"Modern Photography",0.5,0,1,25.08,0.0092129632,217299,-0.0077837458,1,184
63,"Modern Photography",0.5,0,2,25.27,0.016760169,225468,0.029120211,1,184
64,"Modern Photography",0.5,0,3,25.58,0.028953044,226379,0.033152555,1,184
65,"Modern Photography",0.5,0,4,25.94,0.042928426,237203,0.079858284,1,185
66,"Modern Photography",0.5,1,5,26.54,0.065795276,243599,0.1064654,1,185
67,"Modern Photography",0.6,0,1,27.4,0.031889984,248814,0.021182199,1,185
68,"Modern Photography",0.6,1,2,28.45,0.069495132,246664,0.012503656,1,186
69,"Modern Photography",0.75,0,1,29.74,0.04434478,232825,-0.057739988,1,186
70,"Modern Photography",0.75,0,2,31.08,0.088416365,234103,-0.052265897,1,186
71,"Modern Photography",0.75,0,3,32.43,0.13093576,246398,-0.0010789719,1,187
72,"Modern Photography",0.75,0,4,33.38,0.15980876,255773,0.036263246,1,187
73,"Modern Photography",0.75,1,5,34.58,0.19512732,270173,0.091035408,1,187
74,"Modern Photography",1,0,1,38.15,0.098250277,269481,-0.0025646076,1,188
75,"Modern Photography",1,0,2,42.24,0.20009216,256683,-0.051220634,1,188
76,"Modern Photography",1,1,3,44.5,0.25221371,266460,-0.013838356,1,188
77,"Modern Photography",1.25,0,1,47.36,0.062288801,243387,-0.090571369,1,189
78,"Modern Photography",1.25,1,2,50.6,0.12846239,251526,-0.057677775,1,189
79,"Modern Photography",1.5,1,1,54.9,0.081561772,225692,-0.10837513,1,189
80,"Modern Photography",1.75,NA,1,NA,NA,NA,NA,0,NA
49,"Motor Trend",0.25,1,1,19.32,0.0093604428,243382,0.0025795212,0,NA
50,"Motor Trend",0.25,0,2,19.46,0.016580691,251118,0.033870244,0,NA
51,"Motor Trend",0.25,0,3,20.64,0.075450555,257160,0.057645755,0,NA
52,"Motor Trend",0.25,0,4,21.15,0.099859519,274473,0.12280019,0,NA
53,"Motor Trend",0.25,0,5,21.57,0.11952307,267949,0.09874396,1,190
54,"Motor Trend",0.25,0,6,21.8,0.13012958,254112,0.04572241,1,190
55,"Motor Trend",0.25,0,7,22.13,0.14515377,252832,0.040672532,1,190
56,"Motor Trend",0.25,0,8,22.92,0.18022951,257368,0.058454263,1,191
57,"Motor Trend",0.25,1,9,23.71,0.21411651,251761,0.036427521,1,191
58,"Motor Trend",0.35,0,1,24.11,0.016729792,234011,-0.073112102,1,191
59,"Motor Trend",0.35,0,2,24.37,0.027455968,227322,-0.10211271,1,192
60,"Motor Trend",0.35,0,3,24.65,0.03888,225896,-0.10840551,1,192
61,"Motor Trend",0.35,0,4,24.85,0.046960852,218997,-0.13942219,1,192
62,"Motor Trend",0.35,1,5,25.08,0.056173816,217299,-0.14720594,1,193
63,"Motor Trend",0.5,0,1,25.27,0.0075472056,225468,0.036903957,1,193
64,"Motor Trend",0.5,0,2,25.58,0.01974008,226379,0.040936301,1,193
65,"Motor Trend",0.5,0,3,25.94,0.033715463,237203,0.087642029,1,194
66,"Motor Trend",0.5,0,4,26.54,0.056582313,243599,0.11424915,1,194
67,"Motor Trend",0.5,0,5,27.4,0.088472298,248814,0.13543134,1,194
68,"Motor Trend",0.5,0,6,28.45,0.12607744,246664,0.1267528,1,195
69,"Motor Trend",0.5,0,7,29.74,0.17042223,232825,0.069012813,1,195
70,"Motor Trend",0.5,0,8,31.08,0.21449381,234103,0.074486904,1,195
71,"Motor Trend",0.5,1,9,32.43,0.2570132,246398,0.12567383,1,196
72,"Motor Trend",0.75,0,1,33.38,0.028872998,255773,0.037342218,1,196
73,"Motor Trend",0.75,0,2,34.58,0.06419156,270173,0.09211438,1,196
74,"Motor Trend",0.75,1,3,38.15,0.16244184,269481,0.089549772,1,197
75,"Motor Trend",1,0,1,42.24,0.10184188,256683,-0.048656026,1,197
76,"Motor Trend",1,0,2,44.5,0.15396343,266460,-0.011273748,1,197
77,"Motor Trend",1,1,3,47.36,0.21625223,243387,-0.10184512,1,198
78,"Motor Trend",1.25,0,1,50.6,0.066173586,251526,0.032893595,1,198
79,"Motor Trend",1.25,1,2,54.9,0.14773536,225692,-0.075481531,1,198
80,"Motor Trend",1.5,NA,1,NA,NA,NA,NA,0,NA
49,"Nation",0.2,1,1,19.32,0.0093604428,243382,0.0025795212,0,NA
50,"Nation",0.2,0,2,19.46,0.016580691,251118,0.033870244,0,NA
51,"Nation",0.2,0,3,20.64,0.075450555,257160,0.057645755,0,NA
52,"Nation",0.2,0,4,21.15,0.099859519,274473,0.12280019,0,NA
53,"Nation",0.2,0,5,21.57,0.11952307,267949,0.09874396,1,199
54,"Nation",0.2,0,6,21.8,0.13012958,254112,0.04572241,1,199
55,"Nation",0.2,0,7,22.13,0.14515377,252832,0.040672532,1,199
56,"Nation",0.2,1,8,22.92,0.18022951,257368,0.058454263,1,200
57,"Nation",0.25,0,1,23.71,0.033887008,251761,-0.022026743,1,200
58,"Nation",0.25,0,2,24.11,0.0506168,234011,-0.095138845,1,200
59,"Nation",0.25,0,3,24.37,0.061342976,227322,-0.12413945,1,201
60,"Nation",0.25,0,4,24.65,0.072767009,225896,-0.13043225,1,201
61,"Nation",0.25,0,5,24.85,0.080847861,218997,-0.16144894,1,201
62,"Nation",0.25,0,6,25.08,0.090060824,217299,-0.16923268,1,202
63,"Nation",0.25,1,7,25.27,0.09760803,225468,-0.13232873,1,202
64,"Nation",0.35,0,1,25.58,0.012192875,226379,0.0040323438,1,202
65,"Nation",0.35,0,2,25.94,0.026168257,237203,0.050738073,1,203
66,"Nation",0.35,0,3,26.54,0.049035108,243599,0.077345189,1,203
67,"Nation",0.35,0,4,27.4,0.080925092,248814,0.098527387,1,203
68,"Nation",0.35,0,5,28.45,0.11853024,246664,0.089848845,1,204
69,"Nation",0.35,0,6,29.74,0.16287502,232825,0.032108856,1,204
70,"Nation",0.35,0,7,31.08,0.2069466,234103,0.037582947,1,204
71,"Nation",0.35,1,8,32.43,0.249466,246398,0.088769873,1,205
72,"Nation",0.5,0,1,33.38,0.028872998,255773,0.037342218,1,205
73,"Nation",0.5,0,2,34.58,0.06419156,270173,0.09211438,1,205
74,"Nation",0.5,0,3,38.15,0.16244184,269481,0.089549772,1,206
75,"Nation",0.5,0,4,42.24,0.26428372,256683,0.040893746,1,206
76,"Nation",0.5,1,5,44.5,0.31640527,266460,0.078276024,1,206
77,"Nation",0.6,0,1,47.36,0.062288801,243387,-0.090571369,1,207
78,"Nation",0.6,1,2,50.6,0.12846239,251526,-0.057677775,1,207
79,"Nation",1,0,1,54.9,0.081561772,225692,-0.10837513,1,207
80,"Nation",1,NA,2,NA,NA,NA,NA,0,NA
50,"The New Leader",0.15,1,1,19.46,0.007220248,251118,0.031290723,0,NA
51,"The New Leader",0.15,0,2,20.64,0.066090112,257160,0.055066234,0,NA
52,"The New Leader",0.15,0,3,21.15,0.090499077,274473,0.12022067,0,NA
53,"The New Leader",0.15,0,4,21.57,0.11016263,267949,0.096164438,1,208
54,"The New Leader",0.15,0,5,21.8,0.12076914,254112,0.043142889,1,208
55,"The New Leader",0.15,0,6,22.13,0.13579333,252832,0.038093011,1,208
56,"The New Leader",0.15,1,7,22.92,0.17086906,257368,0.055874742,1,209
57,"The New Leader",0.2,1,1,23.71,0.033887008,251761,-0.022026743,1,209
58,"The New Leader",0.25,0,1,24.11,0.016729792,234011,-0.073112102,1,209
59,"The New Leader",0.25,0,2,24.37,0.027455968,227322,-0.10211271,1,210
60,"The New Leader",0.25,0,3,24.65,0.03888,225896,-0.10840551,1,210
61,"The New Leader",0.25,1,4,24.85,0.046960852,218997,-0.13942219,1,210
62,"The New Leader",0.35,0,1,25.08,0.0092129632,217299,-0.0077837458,1,211
63,"The New Leader",0.35,0,2,25.27,0.016760169,225468,0.029120211,1,211
64,"The New Leader",0.35,0,3,25.58,0.028953044,226379,0.033152555,1,211
65,"The New Leader",0.35,0,4,25.94,0.042928426,237203,0.079858284,1,212
66,"The New Leader",0.35,1,5,26.54,0.065795276,243599,0.1064654,1,212
67,"The New Leader",0.4,0,1,27.4,0.031889984,248814,0.021182199,1,212
68,"The New Leader",0.4,0,2,28.45,0.069495132,246664,0.012503656,1,213
69,"The New Leader",0.4,1,3,29.74,0.11383991,232825,-0.045236332,1,213
70,"The New Leader",0.5,0,1,31.08,0.044071584,234103,0.005474091,1,213
71,"The New Leader",0.5,0,2,32.43,0.086590979,246398,0.056661016,1,214
72,"The New Leader",0.5,0,3,33.38,0.11546398,255773,0.094003234,1,214
73,"The New Leader",0.5,0,4,34.58,0.15078254,270173,0.1487754,1,214
74,"The New Leader",0.5,0,5,38.15,0.24903282,269481,0.14621079,1,215
75,"The New Leader",0.5,0,6,42.24,0.3508747,256683,0.097554762,1,215
76,"The New Leader",0.5,1,7,44.5,0.40299625,266460,0.13493704,1,215
77,"The New Leader",0.75,0,1,47.36,0.062288801,243387,-0.090571369,1,216
78,"The New Leader",0.75,0,2,50.6,0.12846239,251526,-0.057677775,1,216
79,"The New Leader",0.75,1,3,54.9,0.21002416,225692,-0.1660529,1,216
80,"The New Leader",1,NA,1,NA,NA,NA,NA,0,NA
50,"The New Republic",0.2,1,1,19.46,0.007220248,251118,0.031290723,0,NA
51,"The New Republic",0.2,0,2,20.64,0.066090112,257160,0.055066234,0,NA
52,"The New Republic",0.2,0,3,21.15,0.090499077,274473,0.12022067,0,NA
53,"The New Republic",0.2,0,4,21.57,0.11016263,267949,0.096164438,1,217
54,"The New Republic",0.2,0,5,21.8,0.12076914,254112,0.043142889,1,217
55,"The New Republic",0.2,0,6,22.13,0.13579333,252832,0.038093011,1,217
56,"The New Republic",0.2,0,7,22.92,0.17086906,257368,0.055874742,1,218
57,"The New Republic",0.2,1,8,23.71,0.20475607,251761,0.033847999,1,218
58,"The New Republic",0.25,0,1,24.11,0.016729792,234011,-0.073112102,1,218
59,"The New Republic",0.25,0,2,24.37,0.027455968,227322,-0.10211271,1,219
60,"The New Republic",0.25,0,3,24.65,0.03888,225896,-0.10840551,1,219
61,"The New Republic",0.25,0,4,24.85,0.046960852,218997,-0.13942219,1,219
62,"The New Republic",0.25,1,5,25.08,0.056173816,217299,-0.14720594,1,220
63,"The New Republic",0.35,0,1,25.27,0.0075472056,225468,0.036903957,1,220
64,"The New Republic",0.35,0,2,25.58,0.01974008,226379,0.040936301,1,220
65,"The New Republic",0.35,0,3,25.94,0.033715463,237203,0.087642029,1,221
66,"The New Republic",0.35,0,4,26.54,0.056582313,243599,0.11424915,1,221
67,"The New Republic",0.35,1,5,27.4,0.088472298,248814,0.13543134,1,221
68,"The New Republic",0.4,0,1,28.45,0.037605147,246664,-0.0086785427,1,222
69,"The New Republic",0.4,1,2,29.74,0.081949928,232825,-0.066418531,1,222
70,"The New Republic",0.5,0,1,31.08,0.044071584,234103,0.005474091,1,222
71,"The New Republic",0.5,0,2,32.43,0.086590979,246398,0.056661016,1,223
72,"The New Republic",0.5,0,3,33.38,0.11546398,255773,0.094003234,1,223
73,"The New Republic",0.5,0,4,34.58,0.15078254,270173,0.1487754,1,223
74,"The New Republic",0.5,0,5,38.15,0.24903282,269481,0.14621079,1,224
75,"The New Republic",0.5,1,6,42.24,0.3508747,256683,0.097554762,1,224
76,"The New Republic",0.6,1,1,44.5,0.05212155,266460,0.037382278,1,224
77,"The New Republic",0.75,1,1,47.36,0.062288801,243387,-0.090571369,1,225
78,"The New Republic",1,0,1,50.6,0.066173586,251526,0.032893595,1,225
79,"The New Republic",1,0,2,54.9,0.14773536,225692,-0.075481531,1,225
80,"The New Republic",1,NA,3,NA,NA,NA,NA,0,NA
48,"New Yorker",0.2,1,1,19.14,0.06642117,242755,0.0025779323,0,NA
49,"New Yorker",0.2,0,2,19.32,0.075781613,243382,0.0051574535,0,NA
50,"New Yorker",0.2,0,3,19.46,0.083001861,251118,0.036448176,0,NA
51,"New Yorker",0.2,0,4,20.64,0.14187172,257160,0.060223687,0,NA
52,"New Yorker",0.2,0,5,21.15,0.16628069,274473,0.12537812,0,NA
53,"New Yorker",0.2,0,6,21.57,0.18594424,267949,0.10132189,1,226
54,"New Yorker",0.2,0,7,21.8,0.19655075,254112,0.048300343,1,226
55,"New Yorker",0.2,0,8,22.13,0.21157494,252832,0.043250465,1,226
56,"New Yorker",0.2,0,9,22.92,0.24665068,257368,0.061032195,1,227
57,"New Yorker",0.2,1,10,23.71,0.28053768,251761,0.039005453,1,227
58,"New Yorker",0.25,0,1,24.11,0.016729792,234011,-0.073112102,1,227
59,"New Yorker",0.25,0,2,24.37,0.027455968,227322,-0.10211271,1,228
60,"New Yorker",0.25,0,3,24.65,0.03888,225896,-0.10840551,1,228
61,"New Yorker",0.25,0,4,24.85,0.046960852,218997,-0.13942219,1,228
62,"New Yorker",0.25,0,5,25.08,0.056173816,217299,-0.14720594,1,229
63,"New Yorker",0.25,0,6,25.27,0.063721021,225468,-0.11030198,1,229
64,"New Yorker",0.25,0,7,25.58,0.075913896,226379,-0.10626964,1,229
65,"New Yorker",0.25,1,8,25.94,0.089889279,237203,-0.05956391,1,230
66,"New Yorker",0.35,0,1,26.54,0.02286685,243599,0.026607116,1,230
67,"New Yorker",0.35,0,2,27.4,0.054756835,248814,0.047789315,1,230
68,"New Yorker",0.35,1,3,28.45,0.092361982,246664,0.039110772,1,231
69,"New Yorker",0.5,0,1,29.74,0.04434478,232825,-0.057739988,1,231
70,"New Yorker",0.5,0,2,31.08,0.088416365,234103,-0.052265897,1,231
71,"New Yorker",0.5,0,3,32.43,0.13093576,246398,-0.0010789719,1,232
72,"New Yorker",0.5,0,4,33.38,0.15980876,255773,0.036263246,1,232
73,"New Yorker",0.5,0,5,34.58,0.19512732,270173,0.091035408,1,232
74,"New Yorker",0.5,0,6,38.15,0.2933776,269481,0.0884708,1,233
75,"New Yorker",0.5,1,7,42.24,0.39521948,256683,0.039814774,1,233
76,"New Yorker",0.75,0,1,44.5,0.05212155,266460,0.037382278,1,233
77,"New Yorker",0.75,1,2,47.36,0.11441035,243387,-0.053189091,1,234
78,"New Yorker",1,0,1,50.6,0.066173586,251526,0.032893595,1,234
79,"New Yorker",1,0,2,54.9,0.14773536,225692,-0.075481531,1,234
80,"New Yorker",1,NA,3,NA,NA,NA,NA,0,NA
48,"Newsweek",0.2,1,1,19.14,0.06642117,242755,0.0025779323,0,NA
49,"Newsweek",0.2,0,2,19.32,0.075781613,243382,0.0051574535,0,NA
50,"Newsweek",0.2,0,3,19.46,0.083001861,251118,0.036448176,0,NA
51,"Newsweek",0.2,0,4,20.64,0.14187172,257160,0.060223687,0,NA
52,"Newsweek",0.2,0,5,21.15,0.16628069,274473,0.12537812,0,NA
53,"Newsweek",0.2,0,6,21.57,0.18594424,267949,0.10132189,1,235
54,"Newsweek",0.2,0,7,21.8,0.19655075,254112,0.048300343,1,235
55,"Newsweek",0.2,0,8,22.13,0.21157494,252832,0.043250465,1,235
56,"Newsweek",0.2,0,9,22.92,0.24665068,257368,0.061032195,1,236
57,"Newsweek",0.2,1,10,23.71,0.28053768,251761,0.039005453,1,236
58,"Newsweek",0.25,0,1,24.11,0.016729792,234011,-0.073112102,1,236
59,"Newsweek",0.25,0,2,24.37,0.027455968,227322,-0.10211271,1,237
60,"Newsweek",0.25,0,3,24.65,0.03888,225896,-0.10840551,1,237
61,"Newsweek",0.25,0,4,24.85,0.046960852,218997,-0.13942219,1,237
62,"Newsweek",0.25,0,5,25.08,0.056173816,217299,-0.14720594,1,238
63,"Newsweek",0.25,1,6,25.27,0.063721021,225468,-0.11030198,1,238
64,"Newsweek",0.3,1,1,25.58,0.012192875,226379,0.0040323438,1,238
65,"Newsweek",0.35,0,1,25.94,0.013975383,237203,0.046705729,1,239
66,"Newsweek",0.35,1,2,26.54,0.036842233,243599,0.073312845,1,239
67,"Newsweek",0.4,1,1,27.4,0.031889984,248814,0.021182199,1,239
68,"Newsweek",0.5,0,1,28.45,0.037605147,246664,-0.0086785427,1,240
69,"Newsweek",0.5,0,2,29.74,0.081949928,232825,-0.066418531,1,240
70,"Newsweek",0.5,0,3,31.08,0.12602151,234103,-0.06094444,1,240
71,"Newsweek",0.5,0,4,32.43,0.16854091,246398,-0.0097575146,1,241
72,"Newsweek",0.5,0,5,33.38,0.1974139,255773,0.027584703,1,241
73,"Newsweek",0.5,0,6,34.58,0.23273247,270173,0.082356865,1,241
74,"Newsweek",0.5,1,7,38.15,0.33098274,269481,0.079792258,1,242
75,"Newsweek",0.75,0,1,42.24,0.10184188,256683,-0.048656026,1,242
76,"Newsweek",0.75,1,2,44.5,0.15396343,266460,-0.011273748,1,242
77,"Newsweek",1,0,1,47.36,0.062288801,243387,-0.090571369,1,243
78,"Newsweek",1,1,2,50.6,0.12846239,251526,-0.057677775,1,243
79,"Newsweek",1.25,0,1,54.9,0.081561772,225692,-0.10837513,1,243
80,"Newsweek",1.25,NA,2,NA,NA,NA,NA,0,NA
49,"Parents'",0.25,1,1,19.32,0.0093604428,243382,0.0025795212,0,NA
50,"Parents'",0.25,0,2,19.46,0.016580691,251118,0.033870244,0,NA
51,"Parents'",0.25,1,3,20.64,0.075450555,257160,0.057645755,0,NA
52,"Parents'",0.35,0,1,21.15,0.024408965,274473,0.065154436,0,NA
53,"Parents'",0.35,0,2,21.57,0.04407252,267949,0.041098205,1,244
54,"Parents'",0.35,0,3,21.8,0.054679029,254112,-0.011923345,1,244
55,"Parents'",0.35,0,4,22.13,0.069703213,252832,-0.016973223,1,244
56,"Parents'",0.35,0,5,22.92,0.10477895,257368,0.00080850804,1,245
57,"Parents'",0.35,0,6,23.71,0.13866596,251761,-0.021218234,1,245
58,"Parents'",0.35,1,7,24.11,0.15539575,234011,-0.094330336,1,245
59,"Parents'",0.4,0,1,24.37,0.010726175,227322,-0.029000608,1,246
60,"Parents'",0.4,0,2,24.65,0.022150208,225896,-0.035293406,1,246
61,"Parents'",0.4,1,3,24.85,0.03023106,218997,-0.066310092,1,246
62,"Parents'",0.5,0,1,25.08,0.0092129632,217299,-0.0077837458,1,247
63,"Parents'",0.5,0,2,25.27,0.016760169,225468,0.029120211,1,247
64,"Parents'",0.5,0,3,25.58,0.028953044,226379,0.033152555,1,247
65,"Parents'",0.5,0,4,25.94,0.042928426,237203,0.079858284,1,248
66,"Parents'",0.5,0,5,26.54,0.065795276,243599,0.1064654,1,248
67,"Parents'",0.5,0,6,27.4,0.097685261,248814,0.1276476,1,248
68,"Parents'",0.5,0,7,28.45,0.13529041,246664,0.11896906,1,249
69,"Parents'",0.5,0,8,29.74,0.17963519,232825,0.061229067,1,249
70,"Parents'",0.5,1,9,31.08,0.22370677,234103,0.066703158,1,249
71,"Parents'",0.6,0,1,32.43,0.042519395,246398,0.051186925,1,250
72,"Parents'",0.6,0,2,33.38,0.071392393,255773,0.088529143,1,250
73,"Parents'",0.6,0,3,34.58,0.10671095,270173,0.14330131,1,250
74,"Parents'",0.6,1,4,38.15,0.20496123,269481,0.1407367,1,251
75,"Parents'",0.75,0,1,42.24,0.10184188,256683,-0.048656026,1,251
76,"Parents'",0.75,1,2,44.5,0.15396343,266460,-0.011273748,1,251
77,"Parents'",1,0,1,47.36,0.062288801,243387,-0.090571369,1,252
78,"Parents'",1,0,2,50.6,0.12846239,251526,-0.057677775,1,252
79,"Parents'",1,1,3,54.9,0.21002416,225692,-0.1660529,1,252
80,"Parents'",1.25,NA,1,NA,NA,NA,NA,0,NA
49,"Popular Mechanics",0.35,1,1,19.32,0.0093604428,243382,0.0025795212,0,NA
50,"Popular Mechanics",0.35,0,2,19.46,0.016580691,251118,0.033870244,0,NA
51,"Popular Mechanics",0.35,0,3,20.64,0.075450555,257160,0.057645755,0,NA
52,"Popular Mechanics",0.35,0,4,21.15,0.099859519,274473,0.12280019,0,NA
53,"Popular Mechanics",0.35,0,5,21.57,0.11952307,267949,0.09874396,1,253
54,"Popular Mechanics",0.35,0,6,21.8,0.13012958,254112,0.04572241,1,253
55,"Popular Mechanics",0.35,0,7,22.13,0.14515377,252832,0.040672532,1,253
56,"Popular Mechanics",0.35,0,8,22.92,0.18022951,257368,0.058454263,1,254
57,"Popular Mechanics",0.35,0,9,23.71,0.21411651,251761,0.036427521,1,254
58,"Popular Mechanics",0.35,0,10,24.11,0.23084631,234011,-0.036684581,1,254
59,"Popular Mechanics",0.35,0,11,24.37,0.24157248,227322,-0.06568519,1,255
60,"Popular Mechanics",0.35,0,12,24.65,0.25299651,225896,-0.071977988,1,255
61,"Popular Mechanics",0.35,0,13,24.85,0.26107737,218997,-0.10299467,1,255
62,"Popular Mechanics",0.35,0,14,25.08,0.27029033,217299,-0.11077842,1,256
63,"Popular Mechanics",0.35,0,15,25.27,0.27783754,225468,-0.073874462,1,256
64,"Popular Mechanics",0.35,0,16,25.58,0.29003041,226379,-0.069842118,1,256
65,"Popular Mechanics",0.35,0,17,25.94,0.30400579,237203,-0.02313639,1,257
66,"Popular Mechanics",0.35,0,18,26.54,0.32687264,243599,0.0034707265,1,257
67,"Popular Mechanics",0.35,0,19,27.4,0.35876263,248814,0.024652925,1,257
68,"Popular Mechanics",0.35,1,20,28.45,0.39636777,246664,0.015974382,1,258
69,"Popular Mechanics",0.5,0,1,29.74,0.04434478,232825,-0.057739988,1,258
70,"Popular Mechanics",0.5,0,2,31.08,0.088416365,234103,-0.052265897,1,258
71,"Popular Mechanics",0.5,0,3,32.43,0.13093576,246398,-0.0010789719,1,259
72,"Popular Mechanics",0.5,0,4,33.38,0.15980876,255773,0.036263246,1,259
73,"Popular Mechanics",0.5,1,5,34.58,0.19512732,270173,0.091035408,1,259
74,"Popular Mechanics",0.6,0,1,38.15,0.098250277,269481,-0.0025646076,1,260
75,"Popular Mechanics",0.6,1,2,42.24,0.20009216,256683,-0.051220634,1,260
76,"Popular Mechanics",0.75,0,1,44.5,0.05212155,266460,0.037382278,1,260
77,"Popular Mechanics",0.75,1,2,47.36,0.11441035,243387,-0.053189091,1,261
78,"Popular Mechanics",1,0,1,50.6,0.066173586,251526,0.032893595,1,261
79,"Popular Mechanics",1,0,2,54.9,0.14773536,225692,-0.075481531,1,261
80,"Popular Mechanics",1,NA,3,NA,NA,NA,NA,0,NA
47,"Popular Science",0.25,1,1,17.91,0.10902751,242130,0.040846947,0,NA
48,"Popular Science",0.25,0,2,19.14,0.17544868,242755,0.043424879,0,NA
49,"Popular Science",0.25,0,3,19.32,0.18480912,243382,0.0460044,0,NA
50,"Popular Science",0.25,0,4,19.46,0.19202937,251118,0.077295123,0,NA
51,"Popular Science",0.25,0,5,20.64,0.25089923,257160,0.10107063,0,NA
52,"Popular Science",0.25,0,6,21.15,0.2753082,274473,0.16622507,0,NA
53,"Popular Science",0.25,0,7,21.57,0.29497175,267949,0.14216884,1,262
54,"Popular Science",0.25,0,8,21.8,0.30557826,254112,0.08914729,1,262
55,"Popular Science",0.25,1,9,22.13,0.32060245,252832,0.084097412,1,262
56,"Popular Science",0.35,0,1,22.92,0.035075738,257368,0.017781731,1,263
57,"Popular Science",0.35,0,2,23.71,0.068962746,251761,-0.0042450118,1,263
58,"Popular Science",0.35,0,3,24.11,0.085692538,234011,-0.077357114,1,263
59,"Popular Science",0.35,0,4,24.37,0.096418714,227322,-0.10635772,1,264
60,"Popular Science",0.35,0,5,24.65,0.10784275,225896,-0.11265052,1,264
61,"Popular Science",0.35,0,6,24.85,0.1159236,218997,-0.14366721,1,264
62,"Popular Science",0.35,0,7,25.08,0.12513656,217299,-0.15145095,1,265
63,"Popular Science",0.35,0,8,25.27,0.13268377,225468,-0.11454699,1,265
64,"Popular Science",0.35,0,9,25.58,0.14487664,226379,-0.11051465,1,265
65,"Popular Science",0.35,0,10,25.94,0.15885202,237203,-0.063808922,1,266
66,"Popular Science",0.35,0,11,26.54,0.18171887,243599,-0.037201806,1,266
67,"Popular Science",0.35,0,12,27.4,0.21360886,248814,-0.016019607,1,266
68,"Popular Science",0.35,1,13,28.45,0.25121401,246664,-0.02469815,1,267
69,"Popular Science",0.5,0,1,29.74,0.04434478,232825,-0.057739988,1,267
70,"Popular Science",0.5,1,2,31.08,0.088416365,234103,-0.052265897,1,267
71,"Popular Science",0.6,0,1,32.43,0.042519395,246398,0.051186925,1,268
72,"Popular Science",0.6,0,2,33.38,0.071392393,255773,0.088529143,1,268
73,"Popular Science",0.6,0,3,34.58,0.10671095,270173,0.14330131,1,268
74,"Popular Science",0.6,1,4,38.15,0.20496123,269481,0.1407367,1,269
75,"Popular Science",0.75,0,1,42.24,0.10184188,256683,-0.048656026,1,269
76,"Popular Science",0.75,0,2,44.5,0.15396343,266460,-0.011273748,1,269
77,"Popular Science",0.75,1,3,47.36,0.21625223,243387,-0.10184512,1,270
78,"Popular Science",1,1,1,50.6,0.066173586,251526,0.032893595,1,270
79,"Popular Science",1.5,0,1,54.9,0.081561772,225692,-0.10837513,1,270
80,"Popular Science",1.5,NA,2,NA,NA,NA,NA,0,NA
49,"Road and Track",0.35,1,1,19.32,0.0093604428,243382,0.0025795212,0,NA
50,"Road and Track",0.35,0,2,19.46,0.016580691,251118,0.033870244,0,NA
51,"Road and Track",0.35,0,3,20.64,0.075450555,257160,0.057645755,0,NA
52,"Road and Track",0.35,0,4,21.15,0.099859519,274473,0.12280019,0,NA
53,"Road and Track",0.35,0,5,21.57,0.11952307,267949,0.09874396,1,271
54,"Road and Track",0.35,0,6,21.8,0.13012958,254112,0.04572241,1,271
55,"Road and Track",0.35,0,7,22.13,0.14515377,252832,0.040672532,1,271
56,"Road and Track",0.35,0,8,22.92,0.18022951,257368,0.058454263,1,272
57,"Road and Track",0.35,0,9,23.71,0.21411651,251761,0.036427521,1,272
58,"Road and Track",0.35,1,10,24.11,0.23084631,234011,-0.036684581,1,272
59,"Road and Track",0.5,0,1,24.37,0.010726175,227322,-0.029000608,1,273
60,"Road and Track",0.5,0,2,24.65,0.022150208,225896,-0.035293406,1,273
61,"Road and Track",0.5,0,3,24.85,0.03023106,218997,-0.066310092,1,273
62,"Road and Track",0.5,0,4,25.08,0.039444024,217299,-0.074093837,1,274
63,"Road and Track",0.5,0,5,25.27,0.046991229,225468,-0.037189881,1,274
64,"Road and Track",0.5,0,6,25.58,0.059184104,226379,-0.033157537,1,274
65,"Road and Track",0.5,1,7,25.94,0.073159487,237203,0.013548192,1,275
66,"Road and Track",0.6,0,1,26.54,0.02286685,243599,0.026607116,1,275
67,"Road and Track",0.6,0,2,27.4,0.054756835,248814,0.047789315,1,275
68,"Road and Track",0.6,0,3,28.45,0.092361982,246664,0.039110772,1,276
69,"Road and Track",0.6,1,4,29.74,0.13670676,232825,-0.018629216,1,276
70,"Road and Track",0.75,0,1,31.08,0.044071584,234103,0.005474091,1,276
71,"Road and Track",0.75,0,2,32.43,0.086590979,246398,0.056661016,1,277
72,"Road and Track",0.75,0,3,33.38,0.11546398,255773,0.094003234,1,277
73,"Road and Track",0.75,1,4,34.58,0.15078254,270173,0.1487754,1,277
74,"Road and Track",1,0,1,38.15,0.098250277,269481,-0.0025646076,1,278
75,"Road and Track",1,0,2,42.24,0.20009216,256683,-0.051220634,1,278
76,"Road and Track",1,1,3,44.5,0.25221371,266460,-0.013838356,1,278
77,"Road and Track",1.25,0,1,47.36,0.062288801,243387,-0.090571369,1,279
78,"Road and Track",1.25,0,2,50.6,0.12846239,251526,-0.057677775,1,279
79,"Road and Track",1.25,1,3,54.9,0.21002416,225692,-0.1660529,1,279
80,"Road and Track",1.5,NA,1,NA,NA,NA,NA,0,NA
40,"Science Digest",0.25,1,1,12.61,-0.00079270714,232439,0,0,NA
41,"Science Digest",0.25,0,2,13.4,0.05997185,232439,0,0,NA
42,"Science Digest",0.25,0,3,14.25,0.12147405,232439,0,0,NA
43,"Science Digest",0.25,0,4,14.86,0.16339018,232439,0,0,NA
44,"Science Digest",0.25,0,5,15.04,0.17543046,232439,0,0,NA
45,"Science Digest",0.25,0,6,15.09,0.17874942,232439,0,0,NA
45,"Science Digest",0.25,0,7,15.09,0.17874942,232439,0,0,NA
46,"Science Digest",0.25,0,8,16.06,0.24104885,232439,0,0,NA
47,"Science Digest",0.25,0,9,17.91,0.35007636,242130,0.040846947,0,NA
48,"Science Digest",0.25,0,10,19.14,0.41649753,242755,0.043424879,0,NA
49,"Science Digest",0.25,0,11,19.32,0.42585797,243382,0.0460044,0,NA
50,"Science Digest",0.25,0,12,19.46,0.43307822,251118,0.077295123,0,NA
51,"Science Digest",0.25,0,13,20.64,0.49194808,257160,0.10107063,0,NA
52,"Science Digest",0.25,0,14,21.15,0.51635705,274473,0.16622507,0,NA
53,"Science Digest",0.25,0,15,21.57,0.5360206,267949,0.14216884,1,280
54,"Science Digest",0.25,0,16,21.8,0.54662711,254112,0.08914729,1,280
55,"Science Digest",0.25,0,17,22.13,0.5616513,252832,0.084097412,1,280
56,"Science Digest",0.25,1,18,22.92,0.59672703,257368,0.10187914,1,281
57,"Science Digest",0.35,0,1,23.71,0.033887008,251761,-0.022026743,1,281
58,"Science Digest",0.35,0,2,24.11,0.0506168,234011,-0.095138845,1,281
59,"Science Digest",0.35,0,3,24.37,0.061342976,227322,-0.12413945,1,282
60,"Science Digest",0.35,0,4,24.65,0.072767009,225896,-0.13043225,1,282
61,"Science Digest",0.35,0,5,24.85,0.080847861,218997,-0.16144894,1,282
62,"Science Digest",0.35,0,6,25.08,0.090060824,217299,-0.16923268,1,283
63,"Science Digest",0.35,0,7,25.27,0.09760803,225468,-0.13232873,1,283
64,"Science Digest",0.35,0,8,25.58,0.1098009,226379,-0.12829638,1,283
65,"Science Digest",0.35,1,9,25.94,0.12377629,237203,-0.081590653,1,284
66,"Science Digest",0.5,0,1,26.54,0.02286685,243599,0.026607116,1,284
67,"Science Digest",0.5,0,2,27.4,0.054756835,248814,0.047789315,1,284
68,"Science Digest",0.5,0,3,28.45,0.092361982,246664,0.039110772,1,285
69,"Science Digest",0.5,0,4,29.74,0.13670676,232825,-0.018629216,1,285
70,"Science Digest",0.5,0,5,31.08,0.18077835,234103,-0.013155125,1,285
71,"Science Digest",0.5,0,6,32.43,0.22329774,246398,0.0380318,1,286
72,"Science Digest",0.5,0,7,33.38,0.25217074,255773,0.075374018,1,286
73,"Science Digest",0.5,1,8,34.58,0.2874893,270173,0.13014618,1,286
74,"Science Digest",0.6,0,1,38.15,0.098250277,269481,-0.0025646076,1,287
75,"Science Digest",0.6,0,2,42.24,0.20009216,256683,-0.051220634,1,287
76,"Science Digest",0.6,0,3,44.5,0.25221371,266460,-0.013838356,1,287
77,"Science Digest",0.6,1,4,47.36,0.31450251,243387,-0.10440973,1,288
78,"Science Digest",0.75,0,1,50.6,0.066173586,251526,0.032893595,1,288
79,"Science Digest",0.75,0,2,54.9,0.14773536,225692,-0.075481531,1,288
80,"Science Digest",0.75,NA,3,NA,NA,NA,NA,0,NA
48,"Scientific American",0.5,1,1,19.14,0.06642117,242755,0.0025779323,0,NA
49,"Scientific American",0.5,0,2,19.32,0.075781613,243382,0.0051574535,0,NA
50,"Scientific American",0.5,0,3,19.46,0.083001861,251118,0.036448176,0,NA
51,"Scientific American",0.5,0,4,20.64,0.14187172,257160,0.060223687,0,NA
52,"Scientific American",0.5,0,5,21.15,0.16628069,274473,0.12537812,0,NA
53,"Scientific American",0.5,0,6,21.57,0.18594424,267949,0.10132189,1,289
54,"Scientific American",0.5,0,7,21.8,0.19655075,254112,0.048300343,1,289
55,"Scientific American",0.5,0,8,22.13,0.21157494,252832,0.043250465,1,289
56,"Scientific American",0.5,0,9,22.92,0.24665068,257368,0.061032195,1,290
57,"Scientific American",0.5,0,10,23.71,0.28053768,251761,0.039005453,1,290
58,"Scientific American",0.5,0,11,24.11,0.29726748,234011,-0.034106649,1,290
59,"Scientific American",0.5,0,12,24.37,0.30799365,227322,-0.063107257,1,291
60,"Scientific American",0.5,0,13,24.65,0.31941768,225896,-0.069400056,1,291
61,"Scientific American",0.5,0,14,24.85,0.32749854,218997,-0.10041674,1,291
62,"Scientific American",0.5,0,15,25.08,0.3367115,217299,-0.10820049,1,292
63,"Scientific American",0.5,0,16,25.27,0.34425871,225468,-0.07129653,1,292
64,"Scientific American",0.5,1,17,25.58,0.35645158,226379,-0.067264186,1,292
65,"Scientific American",0.6,0,1,25.94,0.013975383,237203,0.046705729,1,293
66,"Scientific American",0.6,0,2,26.54,0.036842233,243599,0.073312845,1,293
67,"Scientific American",0.6,1,3,27.4,0.068732217,248814,0.094495044,1,293
68,"Scientific American",0.75,0,1,28.45,0.037605147,246664,-0.0086785427,1,294
69,"Scientific American",0.75,1,2,29.74,0.081949928,232825,-0.066418531,1,294
70,"Scientific American",1,0,1,31.08,0.044071584,234103,0.005474091,1,294
71,"Scientific American",1,0,2,32.43,0.086590979,246398,0.056661016,1,295
72,"Scientific American",1,0,3,33.38,0.11546398,255773,0.094003234,1,295
73,"Scientific American",1,0,4,34.58,0.15078254,270173,0.1487754,1,295
74,"Scientific American",1,1,5,38.15,0.24903282,269481,0.14621079,1,296
75,"Scientific American",1.25,0,1,42.24,0.10184188,256683,-0.048656026,1,296
76,"Scientific American",1.25,1,2,44.5,0.15396343,266460,-0.011273748,1,296
77,"Scientific American",1.5,0,1,47.36,0.062288801,243387,-0.090571369,1,297
78,"Scientific American",1.5,0,2,50.6,0.12846239,251526,-0.057677775,1,297
79,"Scientific American",1.5,1,3,54.9,0.21002416,225692,-0.1660529,1,297
80,"Scientific American",2,NA,1,NA,NA,NA,NA,0,NA
49,"Sunset",0.2,1,1,19.32,0.0093604428,243382,0.0025795212,0,NA
50,"Sunset",0.2,0,2,19.46,0.016580691,251118,0.033870244,0,NA
51,"Sunset",0.2,0,3,20.64,0.075450555,257160,0.057645755,0,NA
52,"Sunset",0.2,0,4,21.15,0.099859519,274473,0.12280019,0,NA
53,"Sunset",0.2,0,5,21.57,0.11952307,267949,0.09874396,1,298
54,"Sunset",0.2,0,6,21.8,0.13012958,254112,0.04572241,1,298
55,"Sunset",0.2,1,7,22.13,0.14515377,252832,0.040672532,1,298
56,"Sunset",0.25,0,1,22.92,0.035075738,257368,0.017781731,1,299
57,"Sunset",0.25,0,2,23.71,0.068962746,251761,-0.0042450118,1,299
58,"Sunset",0.25,0,3,24.11,0.085692538,234011,-0.077357114,1,299
59,"Sunset",0.25,0,4,24.37,0.096418714,227322,-0.10635772,1,300
60,"Sunset",0.25,0,5,24.65,0.10784275,225896,-0.11265052,1,300
61,"Sunset",0.25,0,6,24.85,0.1159236,218997,-0.14366721,1,300
62,"Sunset",0.25,0,7,25.08,0.12513656,217299,-0.15145095,1,301
63,"Sunset",0.25,0,8,25.27,0.13268377,225468,-0.11454699,1,301
64,"Sunset",0.25,0,9,25.58,0.14487664,226379,-0.11051465,1,301
65,"Sunset",0.25,0,10,25.94,0.15885202,237203,-0.063808922,1,302
66,"Sunset",0.25,1,11,26.54,0.18171887,243599,-0.037201806,1,302
67,"Sunset",0.35,0,1,27.4,0.031889984,248814,0.021182199,1,302
68,"Sunset",0.35,0,2,28.45,0.069495132,246664,0.012503656,1,303
69,"Sunset",0.35,1,3,29.74,0.11383991,232825,-0.045236332,1,303
70,"Sunset",0.4,1,1,31.08,0.044071584,234103,0.005474091,1,303
71,"Sunset",0.5,0,1,32.43,0.042519395,246398,0.051186925,1,304
72,"Sunset",0.5,0,2,33.38,0.071392393,255773,0.088529143,1,304
73,"Sunset",0.5,0,3,34.58,0.10671095,270173,0.14330131,1,304
74,"Sunset",0.5,1,4,38.15,0.20496123,269481,0.1407367,1,305
75,"Sunset",0.75,0,1,42.24,0.10184188,256683,-0.048656026,1,305
76,"Sunset",0.75,0,2,44.5,0.15396343,266460,-0.011273748,1,305
77,"Sunset",0.75,1,3,47.36,0.21625223,243387,-0.10184512,1,306
78,"Sunset",0.95,0,1,50.6,0.066173586,251526,0.032893595,1,306
79,"Sunset",0.95,0,2,54.9,0.14773536,225692,-0.075481531,1,306
80,"Sunset",0.95,NA,3,NA,NA,NA,NA,0,NA
47,"Time",0.2,1,1,17.91,0.10902751,242130,0.040846947,0,NA
48,"Time",0.2,0,2,19.14,0.17544868,242755,0.043424879,0,NA
49,"Time",0.2,0,3,19.32,0.18480912,243382,0.0460044,0,NA
50,"Time",0.2,0,4,19.46,0.19202937,251118,0.077295123,0,NA
51,"Time",0.2,0,5,20.64,0.25089923,257160,0.10107063,0,NA
52,"Time",0.2,0,6,21.15,0.2753082,274473,0.16622507,0,NA
53,"Time",0.2,0,7,21.57,0.29497175,267949,0.14216884,1,307
54,"Time",0.2,0,8,21.8,0.30557826,254112,0.08914729,1,307
55,"Time",0.2,0,9,22.13,0.32060245,252832,0.084097412,1,307
56,"Time",0.2,0,10,22.92,0.35567818,257368,0.10187914,1,308
57,"Time",0.2,1,11,23.71,0.38956519,251761,0.0798524,1,308
58,"Time",0.25,0,1,24.11,0.016729792,234011,-0.073112102,1,308
59,"Time",0.25,0,2,24.37,0.027455968,227322,-0.10211271,1,309
60,"Time",0.25,0,3,24.65,0.03888,225896,-0.10840551,1,309
61,"Time",0.25,0,4,24.85,0.046960852,218997,-0.13942219,1,309
62,"Time",0.25,0,5,25.08,0.056173816,217299,-0.14720594,1,310
63,"Time",0.25,1,6,25.27,0.063721021,225468,-0.11030198,1,310
64,"Time",0.3,1,1,25.58,0.012192875,226379,0.0040323438,1,310
65,"Time",0.35,0,1,25.94,0.013975383,237203,0.046705729,1,311
66,"Time",0.35,1,2,26.54,0.036842233,243599,0.073312845,1,311
67,"Time",0.4,1,1,27.4,0.031889984,248814,0.021182199,1,311
68,"Time",0.5,0,1,28.45,0.037605147,246664,-0.0086785427,1,312
69,"Time",0.5,0,2,29.74,0.081949928,232825,-0.066418531,1,312
70,"Time",0.5,0,3,31.08,0.12602151,234103,-0.06094444,1,312
71,"Time",0.5,0,4,32.43,0.16854091,246398,-0.0097575146,1,313
72,"Time",0.5,0,5,33.38,0.1974139,255773,0.027584703,1,313
73,"Time",0.5,0,6,34.58,0.23273247,270173,0.082356865,1,313
74,"Time",0.5,1,7,38.15,0.33098274,269481,0.079792258,1,314
75,"Time",0.75,0,1,42.24,0.10184188,256683,-0.048656026,1,314
76,"Time",0.75,1,2,44.5,0.15396343,266460,-0.011273748,1,314
77,"Time",1,0,1,47.36,0.062288801,243387,-0.090571369,1,315
78,"Time",1,1,2,50.6,0.12846239,251526,-0.057677775,1,315
79,"Time",1.25,0,1,54.9,0.081561772,225692,-0.10837513,1,315
80,"Time",1.25,NA,2,NA,NA,NA,NA,0,NA
47,"U.S. News and World Report",0.15,1,1,17.91,0.10902751,242130,0.040846947,0,NA
48,"U.S. News and World Report",0.15,0,2,19.14,0.17544868,242755,0.043424879,0,NA
49,"U.S. News and World Report",0.15,0,3,19.32,0.18480912,243382,0.0460044,0,NA
50,"U.S. News and World Report",0.15,0,4,19.46,0.19202937,251118,0.077295123,0,NA
51,"U.S. News and World Report",0.15,0,5,20.64,0.25089923,257160,0.10107063,0,NA
52,"U.S. News and World Report",0.15,1,6,21.15,0.2753082,274473,0.16622507,0,NA
53,"U.S. News and World Report",0.2,0,1,21.57,0.019663555,267949,-0.024056232,1,316
54,"U.S. News and World Report",0.2,0,2,21.8,0.030270064,254112,-0.077077781,1,316
55,"U.S. News and World Report",0.2,0,3,22.13,0.045294249,252832,-0.082127659,1,316
56,"U.S. News and World Report",0.2,0,4,22.92,0.080369986,257368,-0.064345928,1,317
57,"U.S. News and World Report",0.2,1,5,23.71,0.11425699,251761,-0.086372671,1,317
58,"U.S. News and World Report",0.25,0,1,24.11,0.016729792,234011,-0.073112102,1,317
59,"U.S. News and World Report",0.25,0,2,24.37,0.027455968,227322,-0.10211271,1,318
60,"U.S. News and World Report",0.25,0,3,24.65,0.03888,225896,-0.10840551,1,318
61,"U.S. News and World Report",0.25,0,4,24.85,0.046960852,218997,-0.13942219,1,318
62,"U.S. News and World Report",0.25,0,5,25.08,0.056173816,217299,-0.14720594,1,319
63,"U.S. News and World Report",0.25,1,6,25.27,0.063721021,225468,-0.11030198,1,319
64,"U.S. News and World Report",0.3,1,1,25.58,0.012192875,226379,0.0040323438,1,319
65,"U.S. News and World Report",0.35,0,1,25.94,0.013975383,237203,0.046705729,1,320
66,"U.S. News and World Report",0.35,1,2,26.54,0.036842233,243599,0.073312845,1,320
67,"U.S. News and World Report",0.4,1,1,27.4,0.031889984,248814,0.021182199,1,320
68,"U.S. News and World Report",0.5,0,1,28.45,0.037605147,246664,-0.0086785427,1,321
69,"U.S. News and World Report",0.5,0,2,29.74,0.081949928,232825,-0.066418531,1,321
70,"U.S. News and World Report",0.5,0,3,31.08,0.12602151,234103,-0.06094444,1,321
71,"U.S. News and World Report",0.5,0,4,32.43,0.16854091,246398,-0.0097575146,1,322
72,"U.S. News and World Report",0.5,0,5,33.38,0.1974139,255773,0.027584703,1,322
73,"U.S. News and World Report",0.5,0,6,34.58,0.23273247,270173,0.082356865,1,322
74,"U.S. News and World Report",0.5,1,7,38.15,0.33098274,269481,0.079792258,1,323
75,"U.S. News and World Report",0.75,0,1,42.24,0.10184188,256683,-0.048656026,1,323
76,"U.S. News and World Report",0.75,1,2,44.5,0.15396343,266460,-0.011273748,1,323
77,"U.S. News and World Report",1,0,1,47.36,0.062288801,243387,-0.090571369,1,324
78,"U.S. News and World Report",1,0,2,50.6,0.12846239,251526,-0.057677775,1,324
79,"U.S. News and World Report",1,0,3,54.9,0.21002416,225692,-0.1660529,1,324
80,"U.S. News and World Report",1,NA,4,NA,NA,NA,NA,0,NA
48,"Vogue",0.5,1,1,19.14,0.06642117,242755,0.0025779323,0,NA
49,"Vogue",0.5,0,2,19.32,0.075781613,243382,0.0051574535,0,NA
50,"Vogue",0.5,0,3,19.46,0.083001861,251118,0.036448176,0,NA
51,"Vogue",0.5,0,4,20.64,0.14187172,257160,0.060223687,0,NA
52,"Vogue",0.5,0,5,21.15,0.16628069,274473,0.12537812,0,NA
53,"Vogue",0.5,0,6,21.57,0.18594424,267949,0.10132189,1,325
54,"Vogue",0.5,0,7,21.8,0.19655075,254112,0.048300343,1,325
55,"Vogue",0.5,0,8,22.13,0.21157494,252832,0.043250465,1,325
56,"Vogue",0.5,0,9,22.92,0.24665068,257368,0.061032195,1,326
57,"Vogue",0.5,1,10,23.71,0.28053768,251761,0.039005453,1,326
58,"Vogue",0.6,0,1,24.11,0.016729792,234011,-0.073112102,1,326
59,"Vogue",0.6,0,2,24.37,0.027455968,227322,-0.10211271,1,327
60,"Vogue",0.6,0,3,24.65,0.03888,225896,-0.10840551,1,327
61,"Vogue",0.6,0,4,24.85,0.046960852,218997,-0.13942219,1,327
62,"Vogue",0.6,0,5,25.08,0.056173816,217299,-0.14720594,1,328
63,"Vogue",0.6,1,6,25.27,0.063721021,225468,-0.11030198,1,328
64,"Vogue",0.75,0,1,25.58,0.012192875,226379,0.0040323438,1,328
65,"Vogue",0.75,0,2,25.94,0.026168257,237203,0.050738073,1,329
66,"Vogue",0.75,0,3,26.54,0.049035108,243599,0.077345189,1,329
67,"Vogue",0.75,0,4,27.4,0.080925092,248814,0.098527387,1,329
68,"Vogue",0.75,0,5,28.45,0.11853024,246664,0.089848845,1,330
69,"Vogue",0.75,0,6,29.74,0.16287502,232825,0.032108856,1,330
70,"Vogue",0.75,0,7,31.08,0.2069466,234103,0.037582947,1,330
71,"Vogue",0.75,0,8,32.43,0.249466,246398,0.088769873,1,331
72,"Vogue",0.75,1,9,33.38,0.278339,255773,0.12611209,1,331
73,"Vogue",1,0,1,34.58,0.035318562,270173,0.054772162,1,331
74,"Vogue",1,1,2,38.15,0.13356884,269481,0.052207555,1,332
75,"Vogue",1.25,0,1,42.24,0.10184188,256683,-0.048656026,1,332
76,"Vogue",1.25,0,2,44.5,0.15396343,266460,-0.011273748,1,332
77,"Vogue",1.25,1,3,47.36,0.21625223,243387,-0.10184512,1,333
78,"Vogue",1.5,1,1,50.6,0.066173586,251526,0.032893595,1,333
79,"Vogue",2,0,1,54.9,0.081561772,225692,-0.10837513,1,333
80,"Vogue",2,NA,2,NA,NA,NA,NA,0,NA
47,"Yachting",0.5,1,1,17.91,0.10902751,242130,0.040846947,0,NA
48,"Yachting",0.5,0,2,19.14,0.17544868,242755,0.043424879,0,NA
49,"Yachting",0.5,0,3,19.32,0.18480912,243382,0.0460044,0,NA
50,"Yachting",0.5,0,4,19.46,0.19202937,251118,0.077295123,0,NA
51,"Yachting",0.5,0,5,20.64,0.25089923,257160,0.10107063,0,NA
52,"Yachting",0.5,0,6,21.15,0.2753082,274473,0.16622507,0,NA
53,"Yachting",0.5,0,7,21.57,0.29497175,267949,0.14216884,1,334
54,"Yachting",0.5,0,8,21.8,0.30557826,254112,0.08914729,1,334
55,"Yachting",0.5,0,9,22.13,0.32060245,252832,0.084097412,1,334
56,"Yachting",0.5,0,10,22.92,0.35567818,257368,0.10187914,1,335
57,"Yachting",0.5,0,11,23.71,0.38956519,251761,0.0798524,1,335
58,"Yachting",0.5,0,12,24.11,0.40629498,234011,0.0067402978,1,335
59,"Yachting",0.5,0,13,24.37,0.41702116,227322,-0.02226031,1,336
60,"Yachting",0.5,0,14,24.65,0.42844519,225896,-0.028553109,1,336
61,"Yachting",0.5,0,15,24.85,0.43652604,218997,-0.059569794,1,336
62,"Yachting",0.5,1,16,25.08,0.44573901,217299,-0.06735354,1,337
63,"Yachting",0.6,0,1,25.27,0.0075472056,225468,0.036903957,1,337
64,"Yachting",0.6,0,2,25.58,0.01974008,226379,0.040936301,1,337
65,"Yachting",0.6,1,3,25.94,0.033715463,237203,0.087642029,1,338
66,"Yachting",0.75,0,1,26.54,0.02286685,243599,0.026607116,1,338
67,"Yachting",0.75,0,2,27.4,0.054756835,248814,0.047789315,1,338
68,"Yachting",0.75,0,3,28.45,0.092361982,246664,0.039110772,1,339
69,"Yachting",0.75,0,4,29.74,0.13670676,232825,-0.018629216,1,339
70,"Yachting",0.75,1,5,31.08,0.18077835,234103,-0.013155125,1,339
71,"Yachting",1,0,1,32.43,0.042519395,246398,0.051186925,1,340
72,"Yachting",1,0,2,33.38,0.071392393,255773,0.088529143,1,340
73,"Yachting",1,0,3,34.58,0.10671095,270173,0.14330131,1,340
74,"Yachting",1,0,4,38.15,0.20496123,269481,0.1407367,1,341
75,"Yachting",1,1,5,42.24,0.30680311,256683,0.092080671,1,341
76,"Yachting",1.5,0,1,44.5,0.05212155,266460,0.037382278,1,341
77,"Yachting",1.5,1,2,47.36,0.11441035,243387,-0.053189091,1,342
78,"Yachting",2,0,1,50.6,0.066173586,251526,0.032893595,1,342
79,"Yachting",2,0,2,54.9,0.14773536,225692,-0.075481531,1,342
80,"Yachting",2,NA,3,NA,NA,NA,NA,0,NA
