"country","year","narrow","reelect","ddefterm","ddefey","gdppc","dev","nd","maj"
"Argentina",1983,FALSE,NA,NA,NA,NA,0,1,0
"Argentina",1989,FALSE,0,0.0179999992251396,0.00350000010803342,-0.0229000002145767,0,1,0
"Argentina",1995,TRUE,1,-0.0120000001043081,-0.00249999994412065,0.0386000014841557,0,1,0
"Argentina",1999,TRUE,0,-0.0130000002682209,0.00400000018998981,0.0239000003784895,0,1,0
"Argentina",2003,TRUE,0,0.0121069997549057,0.0030824369750917,-0.0348000004887581,0,1,0
"Australia",1962,TRUE,1,-0.0190379992127419,0.0125827500596642,NA,1,0,0
"Australia",1964,TRUE,1,0.001786999986507,-0.0135455429553986,0.0476000010967255,1,0,0
"Australia",1967,FALSE,0,-0.010861000046134,0.0127110937610269,0.0261000003665686,1,0,0
"Australia",1970,TRUE,1,0.0382979996502399,-0.00326684699393809,0.0394000001251698,1,0,0
"Australia",1973,TRUE,0,-0.0137940002605319,0.0132502457126975,0.0162000004202127,1,0,0
"Australia",1976,TRUE,0,-0.0200779996812344,0.00351678906008601,0.00700000021606684,1,0,0
"Australia",1978,TRUE,1,-0.00633300002664328,-0.0257172156125307,0.014299999922514,1,0,0
"Australia",1981,TRUE,1,0.00899199955165386,0.00212039798498154,0.0205000005662441,1,0,0
"Australia",1983,TRUE,0,-0.0203709993511438,0.0149665316566825,-0.00700000021606684,1,0,0
"Australia",1985,TRUE,1,0.00791199970990419,-0.0267658717930317,0.0348999984562397,1,0,0
"Australia",1988,TRUE,1,0.0139469997957349,0.0158662125468254,0.0239000003784895,1,0,0
"Australia",1990,TRUE,1,-0.000188000005437061,0.0258280411362648,0.0118000004440546,1,0,0
"Australia",1993,FALSE,NA,-0.00931499991565943,-0.0460030138492584,0.0265999995172024,1,0,0
"Australia",1996,TRUE,0,0.00772299990057945,0.000205022995942272,0.0292000006884336,1,0,0
"Australia",1999,TRUE,1,0.00287399999797344,0.0160964578390121,0.0329000018537045,1,0,0
"Australia",2002,TRUE,1,-0.00942800007760525,0.010333064943552,0.0181000009179115,1,0,0
"Austria",1962,FALSE,NA,-0.00100000004749745,0.0109999999403954,0.0177999995648861,1,0,0
"Austria",1966,TRUE,1,0,-0.00249999994412065,0.0357999987900257,1,0,0
"Austria",1970,TRUE,0,0.0120000001043081,-0.00400000018998981,0.0478999987244606,1,0,0
"Austria",1979,TRUE,1,0.00400000018998981,0.0044999998062849,0.0357000008225441,1,0,0
"Austria",1983,TRUE,0,-0.00100000004749745,0,0.0177999995648861,1,0,0
"Austria",1986,FALSE,0,-0.00700000021606684,0.0135000003501773,0.0157999992370605,1,0,0
"Austria",1990,TRUE,1,0.00700000021606684,0.0130000002682209,0.0296000000089407,1,0,0
"Austria",1994,TRUE,1,0.00100000004749745,-0.00100000004749745,0.0147000001743436,1,0,0
"Austria",1999,TRUE,0,0.00100000004749745,0.0240000002086163,0.031700000166893,1,0,0
"Belgium",1961,TRUE,0,0.0260000005364418,NA,NA,1,0,0
"Belgium",1965,TRUE,0,0.00400000018998981,-0.00350000010803342,0.0388999991118908,1,0,0
"Belgium",1968,TRUE,0,0.00100000004749745,0.0189999993890524,0.0359000004827976,1,0,0
"Belgium",1971,TRUE,1,-0.0101319998502731,0.010499999858439,0.0527000017464161,1,0,0
"Belgium",1977,TRUE,1,-0.00414799991995096,-0.0281709358096123,0.0142000000923872,1,0,0
"Belgium",1981,FALSE,0,-0.0423070006072521,-0.0101680317893624,0.0198999997228384,1,0,0
"Belgium",1985,TRUE,1,0.0120890000835061,-0.000200788999791257,0.0124000003561378,1,0,0
"Belgium",1987,TRUE,1,0.0203799996525049,0.0187909472733736,0.0199999995529652,1,0,0
"Belgium",1991,TRUE,1,-0.00761200021952391,0.00840566121041775,0.0293000005185604,1,0,0
"Belgium",1995,TRUE,1,0.00543999997898936,0.0152563564479351,0.0121999997645617,1,0,0
"Bolivia",1985,FALSE,0,NA,NA,NA,0,1,0
"Bolivia",1989,FALSE,0,-0.0102380001917481,0.0279729999601841,-0.00529999984428287,0,1,0
"Bolivia",1993,FALSE,0,-0.0213929992169142,0.000307550013530999,0.0141000002622604,0,1,0
"Bolivia",1997,FALSE,0,-0.0196570008993149,0.0176601335406303,0.0194000005722046,0,1,0
"Bolivia",2002,FALSE,0,-0.0237280000001192,-0.0318735614418983,0.00510000018402934,0,0,0
"Brazil",1989,FALSE,0,-0.0321220010519028,0.0133758056908846,NA,0,1,0
"Brazil",1994,FALSE,0,0.0421000011265278,-0.035864282399416,0.0386000014841557,0,1,0
"Brazil",1998,TRUE,1,-0.00850499980151653,NA,0.0120000001043081,0,1,0
"Bulgaria",1992,TRUE,1,-0.0149010000750422,0.0145732676610351,NA,0,1,0
"Bulgaria",2001,TRUE,0,0.00579999992623925,-0.00463336799293756,0.0278999991714954,0,1,0
"Canada",1962,TRUE,1,0.00707199983298779,-0.013984676450491,NA,1,0,1
"Canada",1965,TRUE,1,0.00812300015240908,0.0125589137896895,NA,1,0,1
"Canada",1968,TRUE,1,0.000379000004613772,-0.00373087590560317,0.0303000006824732,1,0,1
"Canada",1972,TRUE,1,-0.000540999986696988,-0.003360650036484,0.0324000008404255,1,0,1
"Canada",1974,TRUE,1,0.000990999978967011,-0.00263368408195674,0.0315000005066395,1,0,1
"Canada",1979,TRUE,0,0.00959500018507242,-0.0246351547539234,0.0252000000327826,1,0,1
"Canada",1984,FALSE,0,-0.00583400018513203,-0.0287074707448483,0.0103000001981854,1,0,1
"Canada",1988,TRUE,1,-0.01244099996984,0.0223083831369877,0.0272000003606081,1,0,1
"Canada",1993,FALSE,0,0.000701999990269542,-0.0143131380900741,-0.00499999988824129,1,0,1
"Canada",1997,TRUE,1,0.0214879997074604,0.022101366892457,0.0230999998748302,1,0,1
"Canada",2000,TRUE,1,0.00626400019973516,0.0134280826896429,0.0357000008225441,1,0,1
"Chile",1964,FALSE,0,0.000260000000707805,-0.00709043396636844,NA,0,0,1
"Chile",1970,FALSE,0,-0.0328230001032352,0.0104005811735988,0.0172000005841255,0,0,1
"Chile",1993,FALSE,1,-0.0039079999551177,0.0123057179152966,0.058899998664856,0,1,1
"Chile",1999,FALSE,0,-0.0175340007990599,-0.00946240685880184,0.0406999997794628,0,1,1
"Colombia",1974,FALSE,0,0.00438999990001321,-0.0111683802679181,0.0403000004589558,0,0,0
"Colombia",1978,FALSE,1,-0.000410000007832423,0.0130531899631023,0.025000000372529,0,0,0
"Colombia",1982,FALSE,0,-0.0205119997262955,-0.0119784697890282,0.00889999978244305,0,0,0
"Colombia",1986,FALSE,0,0.0111640002578497,-0.00528082484379411,0.0132999997586012,0,0,0
"Colombia",1990,FALSE,1,0.045219000428915,-0.00981838535517454,0.0266999993473291,0,0,0
"Colombia",1994,FALSE,1,0.000241000001551583,-0.0187119636684656,0.0186000000685453,0,0,0
"Colombia",1998,FALSE,0,-0.0117260003462434,-0.0184428840875626,0.00860000029206276,0,0,0
"Costa Rica",1970,FALSE,0,NA,NA,0.0281000006943941,0,0,0
"Costa Rica",1974,FALSE,1,0.0359750017523766,-0.00451082084327936,0.0443000011146069,0,0,0
"Costa Rica",1978,FALSE,0,0.00476700020954013,-0.0210574138909578,0.0271000005304813,0,0,0
"Costa Rica",1982,FALSE,0,0.00851000007241964,-0.00355854001827538,-0.0397999994456768,0,0,0
"Costa Rica",1986,FALSE,1,-0.0235370006412268,0.0264524202793837,0.0126000000163913,0,0,0
"Costa Rica",1990,FALSE,0,-0.00856199953705072,0.0142311295494437,0.0142000000923872,0,0,0
"Costa Rica",1994,FALSE,0,-0.0341049991548061,0.0119337253272533,0.0333000011742115,0,0,0
"Costa Rica",1998,FALSE,0,0.000376000010874122,0.0130036100745201,0.0249000005424023,0,0,0
"Costa Rica",2002,FALSE,1,-0.0128330001607537,-0.00602851016446948,0.0154999997466803,0,0,0
"Cyprus",1968,TRUE,1,NA,NA,NA,0,1,0
"Cyprus",1973,TRUE,1,-0.0238930005580187,-0.0078678959980607,NA,0,1,0
"Cyprus",1983,TRUE,1,-0.0441330000758171,0.00942767970263958,0.0518000014126301,0,1,0
"Cyprus",1988,TRUE,0,0.00740899983793497,0.00610006786882877,0.0551000013947487,0,0,0
"Cyprus",1993,TRUE,0,0.023700999096036,-0.0144046498462558,0.0357000008225441,0,0,0
"Cyprus",1998,TRUE,1,-0.0024830000475049,-0.0306518245488405,0.0337000004947186,0,0,0
"Cyprus",2003,TRUE,0,-0.0182569995522499,-0.00187187700066715,0.0329999998211861,0,0,0
"Czech Republic",1996,TRUE,1,-0.00696100015193224,0.00852465629577637,0.0310999993234873,0,1,0
"Czech Republic",2002,TRUE,0,0.00205500004813075,-0.00945904105901718,0.0240000002086163,0,1,0
"Denmark",1960,FALSE,1,NA,NA,NA,1,0,0
"Denmark",1964,TRUE,1,0.00285500008612871,0.00319264992140234,0.0405000001192093,1,0,0
"Denmark",1966,TRUE,1,0.00202300003729761,0.00359299988485873,0.0280000008642673,1,0,0
"Denmark",1968,TRUE,0,0.00343200005590916,-0.0056658498942852,0.0296000000089407,1,0,0
"Denmark",1971,TRUE,0,0.000921000028029084,-0.000713900022674352,0.0296000000089407,1,0,0
"Denmark",1973,FALSE,NA,0.00827500037848949,0.00397582817822695,0.0294000003486872,1,0,0
"Denmark",1975,TRUE,0,-0.0270300004631281,-0.00529039883986115,-0.0192000009119511,1,0,0
"Denmark",1977,TRUE,1,-0.00822899956256151,-0.031973734498024,0.0344999991357327,1,0,0
"Denmark",1979,TRUE,1,-0.00597799988463521,0.00385730899870396,0.0219999998807907,1,0,0
"Denmark",1984,TRUE,1,0.0273090004920959,-0.0303367432206869,0.0267999991774559,1,0,0
"Denmark",1987,TRUE,1,-0.0045690000988543,0.0686201378703117,0.0241999998688698,1,0,0
"Denmark",1990,TRUE,1,-0.0158339999616146,-0.0242287125438452,0.00460000010207295,1,0,0
"Denmark",1998,TRUE,1,0.00490099983289838,0.0277733374387026,0.0220999997109175,1,0,0
"Dominican Rep",1978,FALSE,0,NA,NA,NA,0,1,0
"Dominican Rep",1982,FALSE,1,-0.00975299999117851,0.00391735788434744,0.0148000000044703,0,1,0
"Dominican Rep",1986,FALSE,0,0.0194439999759197,0.0172652956098318,0,0,1,0
"Dominican Rep",1990,TRUE,1,0.00270100007764995,-0.0014902469702065,0.0082999998703599,0,1,0
"Dominican Rep",1994,TRUE,1,-0.00738500012084842,0.00954639445990324,0.02280000038445,0,1,0
"Dominican Rep",1996,FALSE,0,-0.00765200005844235,-0.0150887500494719,0.0421999990940094,0,0,0
"Dominican Rep",2000,FALSE,0,0.0150340003892779,-0.004041429143399,0.0588000006973743,0,0,0
"Ecuador",1968,FALSE,0,NA,NA,NA,0,1,0
"Ecuador",1979,FALSE,NA,NA,NA,NA,0,1,0
"Ecuador",1984,FALSE,0,0.0167219992727041,0.0135273924097419,-0.0243999995291233,0,1,0
"Ecuador",1988,FALSE,0,0.0228530000895262,-0.0286174640059471,0.00689999992027879,0,1,0
"Ecuador",1992,FALSE,0,0.00861600041389465,0.0073845311999321,0.00289999996311963,0,1,0
"Ecuador",1996,FALSE,0,0.00394400022923946,-0.024046765640378,0.00240000011399388,0,1,0
"Ecuador",2002,FALSE,0,0.000857000006362796,0.0066678449511528,0.0263000000268221,0,0,0
"El Salvador",1984,FALSE,0,NA,NA,NA,0,1,0
"El Salvador",1989,FALSE,0,-0.0148160001263022,0.00216623907908797,0.000300000014249235,0,1,0
"El Salvador",1994,FALSE,1,0.0119599997997284,-0.0144553286954761,0.0379999987781048,0,1,0
"El Salvador",1999,FALSE,1,-0.00387199991382658,-0.00444839196279645,0.0186999998986721,0,1,0
"Estonia",1992,FALSE,0,-0.0173300001770258,NA,NA,0,1,0
"Estonia",1995,FALSE,0,-0.0251400005072355,0.0166307855397463,0.000300000014249235,0,1,0
"Fiji",1972,TRUE,1,0.0184470005333424,0.00172509404364973,NA,0,1,1
"Fiji",1977,TRUE,1,-0.0148040000349283,0.00825031939893961,0.0263999998569489,0,1,1
"Fiji",1982,TRUE,1,-0.0252340007573366,0.00590020790696144,0.00370000000111759,0,1,1
"Fiji",1992,TRUE,0,-0.00142099999357015,-0.0214245207607746,NA,0,1,1
"Fiji",1994,TRUE,1,0.0214220006018877,-0.0179263763129711,0.0390999987721443,0,1,1
"Fiji",1999,TRUE,0,-0.0529999993741512,-0.0100735491141677,0.0219000000506639,0,1,1
"Finland",1962,FALSE,0,-0.00349800009280443,-0.0148293999955058,NA,1,0,0
"Finland",1966,TRUE,0,-0.00167999998666346,0.0170578993856907,0.0346000008285046,1,0,0
"Finland",1970,TRUE,0,0.0110539998859167,0.0163112003356218,0.0877000018954277,1,0,0
"Finland",1975,TRUE,0,-0.0231340005993843,0.00831354968249798,0.0346000008285046,1,0,0
"Finland",1979,TRUE,0,-0.0096469996497035,-0.00775490002706647,0.0423999987542629,1,0,0
"Finland",1987,TRUE,0,-0.019013000652194,0.0170921497046947,0.028999999165535,1,0,0
"Finland",1991,TRUE,0,-0.062279999256134,0.016703549772501,0.00400000018998981,1,0,0
"Finland",1995,TRUE,0,0.0147919999435544,-0.0325133986771107,0.00310000008903444,1,0,0
"France",1962,TRUE,0,NA,NA,NA,1,0,1
"France",1967,TRUE,1,NA,NA,0.0419999994337559,1,0,1
"France",1973,FALSE,NA,0.00206399988383055,NA,0.046000000089407,1,0,1
"France",1978,TRUE,1,-0.0112749999389052,0.00241900002583861,0.0283000003546476,1,0,1
"France",1981,TRUE,0,-0.017340999096632,0.00744129996746778,0.0153000000864267,1,0,1
"France",1986,TRUE,0,0.000276000006124377,-0.00237295008264482,0.0152000002563,1,0,0
"France",1988,TRUE,0,0.00260300002992153,0.00345969991758466,0.0310999993234873,1,0,0
"France",1993,FALSE,NA,-0.0206749998033047,-0.0242036506533623,-0.0127999996766448,1,0,0
"France",1997,TRUE,0,0.0100389998406172,0.00849500019103289,0.0119000002741814,1,0,0
"Prussia",1961,TRUE,1,0.00944800022989511,NA,NA,1,0,0
"Prussia",1965,TRUE,0,-0.00266400002874434,-0.0040302500128746,NA,1,0,0
"Prussia",1969,TRUE,0,0.0105630001053214,-0.00767535017803311,NA,1,0,0
"Prussia",1972,TRUE,1,-0.000591000018175691,-0.0112116625532508,NA,1,0,0
"Prussia",1976,TRUE,0,0.00752699980512261,-0.0324552468955517,0.0236000008881092,1,0,0
"Prussia",1980,TRUE,1,0.000102999998489395,0.0045749070122838,0.0286999996751547,1,0,0
"Prussia",1983,FALSE,0,0.000311000010697171,-0.00156089896336198,0.00370000000111759,1,0,0
"Prussia",1987,TRUE,1,-0.00449700001627207,0.00894966255873442,0.023199999704957,1,0,0
"Prussia",1990,TRUE,1,-0.00766099989414215,0.000673867994919419,0.0375000014901161,1,0,0
"Prussia",1994,TRUE,1,0.00780999986454844,-0.00702601298689842,0.0147000001743436,1,0,0
"Prussia",1998,TRUE,0,0.00261899991892278,-0.00302955391816795,0.0130000002682209,1,0,0
"Greece",1961,TRUE,0,-0.000197999994270504,NA,NA,1,0,0
"Greece",1963,TRUE,0,0.00278400001116097,-0.00134090997744352,0.0522999987006187,1,0,0
"Greece",1977,TRUE,1,0.000578999985009432,0.00103869999293238,NA,1,1,0
"Greece",1981,FALSE,NA,-0.0445480011403561,0.00452305004000664,-0.0241999998688698,1,1,0
"Greece",1985,TRUE,1,-0.0281780008226633,-0.0164809003472328,0.00039999998989515,1,1,0
"Greece",1989,TRUE,0,-0.0285749994218349,-0.0127859003841877,0.0115999998524785,1,1,0
"Greece",1993,TRUE,0,-0.0426659993827343,0.0471700988709927,9.99999974737875e-05,1,0,0
"Greece",1996,FALSE,0,0.00723200011998415,0.0404652990400791,0.0184000004082918,1,0,0
"Greece",2000,TRUE,1,NA,0.0205374676734209,0.0348000004887581,1,0,0
"Guatemala",1970,FALSE,0,0.00209100008942187,0.00700254505500197,0.0292000006884336,0,1,0
"Guatemala",1990,FALSE,0,0.020006999373436,-0.0107922581955791,NA,0,1,0
"Guatemala",1995,FALSE,0,0.00790499988943338,-0.0200122352689505,0.0176999997347593,0,1,0
"Guatemala",1999,FALSE,0,-0.00627700006589293,-0.0184640809893608,0.0132999997586012,0,1,0
"Guatemala",2003,FALSE,0,-0.0105820000171661,0.00998326577246189,0.00279999990016222,0,1,0
"Honduras",1985,FALSE,1,0.0124369999393821,-0.0226107537746429,NA,0,1,0
"Honduras",1989,FALSE,0,-0.00317299994640052,0.0443970188498497,0.00789999961853027,0,1,0
"Honduras",1993,FALSE,0,-0.0290970001369715,0.0293635930866003,0.00730000017210841,0,1,0
"Honduras",1997,FALSE,1,-0.000171000006957911,0.0306153576821089,-0.000600000028498471,0,1,0
"Hungary",1994,FALSE,0,0.00596099998801947,-0.0607118532061577,0.0328000001609325,0,1,0
"Hungary",1998,TRUE,0,-0.00809499993920326,0.0242378171533346,0.0342999994754791,0,1,0
"Hungary",2002,TRUE,0,-0.0586879998445511,0.0154301542788744,0.0401000007987022,0,1,0
"ICELAND",1963,TRUE,0,-0.0217979997396469,0.00771076092496514,NA,1,0,0
"ICELAND",1974,TRUE,0,-0.0234079994261265,-0.00711716013029218,0.0472999997437,1,0,0
"ICELAND",1978,TRUE,0,0.00340000004507601,0.0280693452805281,0.0423999987542629,1,0,0
"ICELAND",1983,TRUE,0,-0.0312009993940592,0.00721483305096626,0.0125000001862645,1,0,0
"ICELAND",1987,TRUE,0,0.0178510006517172,-0.0228220708668232,0.0456000007688999,1,0,0
"ICELAND",1991,TRUE,0,-0.0113239996135235,0.00404668087139726,-0.00549999997019768,1,0,0
"ICELAND",1995,TRUE,1,0.00445700017735362,0.00204143510200083,-0.0052000000141561,1,0,0
"ICELAND",1999,TRUE,1,0.0143499998375773,0.0270798709243536,0.0384999997913837,1,0,0
"ICELAND",2003,TRUE,1,-0.00268799997866154,-0.0348722599446774,0.0234999991953373,1,0,0
"India",1962,TRUE,1,-0.0079969996586442,0.00553353177383542,NA,0,1,0
"India",1967,FALSE,1,-0.000594999990426004,0.00379127007909119,0.0421999990940094,0,1,0
"India",1970,TRUE,1,-0.00205000001005828,0.00722958287224174,0.025000000372529,0,0,0
"India",1976,TRUE,0,-0.000247999996645376,0.0156450849026442,0.0059000002220273,0,0,0
"India",1979,FALSE,0,-0.00823100004345179,-0.000934471026994288,0.000699999975040555,0,0,0
"India",1984,FALSE,1,-0.00764699978753924,-0.0029958039522171,0.0324999988079071,0,0,0
"India",1989,TRUE,0,0.00323999999091029,-0.00331681594252586,0.0399999991059303,0,0,0
"India",1991,FALSE,NA,0.0110769998282194,-0.00244076899252832,0,0,0,0
"India",1996,TRUE,0,0.00130899995565414,0.00802002009004354,0.0456999987363815,0,0,0
"India",1999,TRUE,1,-0.000323999993270263,-0.010011175647378,0.0450000017881393,0,0,0
"Ireland",1961,TRUE,1,-0.0048190001398325,NA,NA,1,0,0
"Ireland",1965,TRUE,1,-0.0241449996829033,0.00303785502910614,0.0288999993354082,1,0,0
"Ireland",1969,TRUE,1,-0.00188600004184991,-0.00338854710571468,0.061099998652935,1,0,0
"Ireland",1973,TRUE,0,-0.00546200014650822,0.00755372177809477,0.0305000003427267,1,0,0
"Ireland",1977,TRUE,0,0.00816500000655651,-0.0285278744995594,0.032200001180172,1,0,0
"Ireland",1981,TRUE,0,-0.0202649999409914,-0.0231860876083374,0.0207000002264977,1,0,0
"Ireland",1987,TRUE,0,0.0217840000987053,0.00361669110134244,0.0186999998986721,1,0,0
"Ireland",1989,TRUE,1,0.00911599956452847,0.0560431629419327,0.060699999332428,1,0,0
"Ireland",1992,TRUE,0,-0.0142850000411272,0.0114100528880954,0.0416000001132488,1,0,0
"Ireland",1997,TRUE,0,0.00325600011274219,0.00679264310747385,0.0864000022411346,1,0,0
"Ireland",2002,TRUE,1,-0.0062049999833107,0.00224974099546671,0.0706000030040741,1,0,0
"Israel",1961,TRUE,1,NA,NA,NA,0,0,0
"Israel",1965,TRUE,1,0.00340000004507601,-0.0173000004142523,0.0368999987840652,0,0,0
"Israel",1969,FALSE,1,0.0244999993592501,-0.102250002324581,0.088299997150898,0,0,0
"Israel",1977,TRUE,0,-0.0113000003620982,0.0495500005781651,-0.0059000002220273,0,0,0
"Israel",1981,TRUE,1,-0.044599998742342,0.0164500009268522,0.0322999991476536,0,0,0
"Israel",1984,FALSE,0,0.034400001168251,-0.0210999995470047,0.0052000000141561,0,0,0
"Israel",1992,TRUE,0,0.0091770002618432,-0.0260499995201826,0.0159000009298325,0,0,0
"Israel",1996,FALSE,0,-0.00028000000747852,-0.0105475997552276,0.034400001168251,0,0,0
"Israel",1999,TRUE,0,-0.00236600008793175,0.0144396498799324,0.00480000022798777,0,0,0
"Israel",2001,TRUE,0,-0.0323119983077049,0.0082496739923954,0.00680000009015203,0,0,0
"Italy",1963,TRUE,0,0.00175699999090284,-0.00594970816746354,0.0593000017106533,1,0,0
"Italy",1967,TRUE,1,0.0170579999685287,-0.0201883409172297,0.0395999997854233,1,0,0
"Italy",1972,TRUE,0,-0.0100119998678565,-0.0232460983097553,0.0200999993830919,1,0,0
"Italy",1979,TRUE,0,0.020711999386549,-0.0194974970072508,0.0346999987959862,1,0,0
"Italy",1987,TRUE,0,0.00493999989703298,-0.00382546009495854,0.0278999991714954,1,0,0
"Italy",1992,TRUE,0,-0.00569699984043837,0.00138772104401141,0.0126000000163913,1,0,0
"Japan",1972,TRUE,0,-0.0112840002402663,-0.00266040000133216,0.0635000020265579,1,0,0
"Japan",1976,TRUE,0,-0.00521299988031387,-0.0277728997170925,0.0256999991834164,1,0,0
"Japan",1979,FALSE,0,0.000986999948509037,-0.0175005998462439,0.0399000011384487,1,0,0
"Japan",1983,FALSE,NA,-0.00175000005401671,0.00411310000345111,0.0203000009059906,1,0,0
"Japan",1986,TRUE,1,0.00106999999843538,0.0126929497346282,0.0318999998271465,1,0,0
"Japan",1989,TRUE,0,-0.00374699989333749,0.0180150493979454,0.0529000014066696,1,0,0
"Japan",1993,TRUE,0,-0.0238819997757673,0.0320507511496544,0.00389999989420176,1,0,0
"Korea South",1967,TRUE,1,0.000905999972019345,-0.00576899806037545,0.0540000014007092,0,1,0
"Korea South",1992,FALSE,1,0.00679000001400709,-0.00898342113941908,NA,0,1,0
"Korea South",1997,FALSE,0,0.000399000011384487,0.00476616714149714,0.0579000003635883,0,1,0
"Lithuania",1993,FALSE,NA,NA,NA,NA,0,1,0
"Lithuania",1997,TRUE,0,0.0147829996421933,-0.0213701743632555,0.0179999992251396,0,1,0
"Lithuania",2002,TRUE,0,-0.00502299983054399,0.0222959108650684,0.0513999983668327,0,1,0
"LUXEMBOURG",1974,TRUE,0,0.0207950007170439,-0.000146962993312627,0.0452999994158745,1,0,0
"LUXEMBOURG",1979,TRUE,0,-0.0344879999756813,0.0187106672674417,0.00329999998211861,1,0,0
"LUXEMBOURG",1984,TRUE,0,0.0175190009176731,-0.0117446258664131,0.0197999998927116,1,0,0
"LUXEMBOURG",1989,TRUE,1,0.0333449989557266,-0.0250354297459126,0.062899999320507,1,0,0
"LUXEMBOURG",1994,TRUE,0,0.00302099995315075,-0.0118000283837318,0.0333000011742115,1,0,0
"Madagascar",1996,TRUE,0,0.0147540001198649,-0.00977713335305452,-0.0148000000044703,0,1,0
"Madagascar",2001,TRUE,0,-0.0180820003151894,0.00429042987525463,0.0147000001743436,0,1,0
"Malaysia",1964,TRUE,1,-0.00345900002866983,-0.0385357104241848,NA,0,1,1
"Malaysia",1969,TRUE,1,0.00856699980795383,0.00628850981593132,0.0357000008225441,0,1,1
"Malaysia",1974,TRUE,1,-0.00438900012522936,-0.0161562468856573,0.0612999983131886,0,1,1
"Malaysia",1978,TRUE,1,0.0171990003436804,0.00413543591275811,0.0476999990642071,0,1,1
"Malaysia",1982,FALSE,0,-0.010049999691546,-0.110261552035809,0.0485000014305115,0,0,1
"Malaysia",1986,TRUE,1,-0.0480110011994839,0.07439836114645,0.00650000013411045,0,0,1
"Malaysia",1990,TRUE,1,0.00354499998502433,0.056349765509367,0.0513000003993511,0,0,1
"Malaysia",1995,TRUE,1,-0.0141869997605681,0.026197275146842,0.0679000020027161,0,0,1
"Malaysia",1999,TRUE,1,-0.0187769997864962,-0.00246323901228607,0.0131000000983477,0,0,1
"Mali",1992,TRUE,0,NA,NA,NA,0,1,1
"Mali",1997,TRUE,1,-0.0111309997737408,0.0262667294591665,0.00460000010207295,0,1,1
"Mali",2002,FALSE,0,0.0162920001894236,-0.0167885143309832,0.0278999991714954,0,1,1
"Mauritius",1968,TRUE,0,NA,NA,NA,0,1,1
"Mauritius",1977,TRUE,1,-0.0431049987673759,-0.00748757785186172,NA,0,1,1
"Mauritius",1982,TRUE,0,-0.00234099989756942,0.0180009175091982,NA,0,1,1
"Mauritius",1984,TRUE,1,0.0166079998016357,0.00945313181728125,0.0248000007122755,0,0,1
"Mauritius",1988,TRUE,1,-0.000571999989915639,0.0341462828218937,0.0631999969482422,0,0,1
"Mauritius",1992,TRUE,1,-0.00796100031584501,-0.00478871492668986,0.0502999983727932,0,0,1
"Mauritius",1996,TRUE,0,-0.0221400000154972,-0.00832964759320021,0.0366000011563301,0,0,1
"Mauritius",2001,TRUE,0,-0.0285749994218349,-0.00028375699184835,0.0423999987542629,0,0,1
"Mexico",1988,FALSE,1,NA,NA,NA,0,1,0
"Mexico",1994,FALSE,1,-0.00629799999296665,0.0222073942422867,0.0199999995529652,0,1,0
"Mexico",2000,FALSE,0,0.00472499988973141,-0.00835962034761906,0.0185000002384186,0,1,0
"Nepal",1995,TRUE,0,-0.000117000003228895,0.0277929566800594,0.0281000006943941,0,1,1
"Netherlands",1963,TRUE,0,0.00674000009894371,-0.00485129980370402,NA,1,0,0
"Netherlands",1971,TRUE,0,-0.00125500001013279,0.00230784993618727,0.0447000004351139,1,0,0
"Netherlands",1977,TRUE,0,0.00397600000724196,-0.0329729504883289,0.0203000009059906,1,0,0
"Netherlands",1981,TRUE,1,-0.00654600001871586,-0.0136433001607656,0.00609999988228083,1,0,0
"Netherlands",1986,TRUE,1,0.00716800009831786,0.00653170002624393,0.0225000008940697,1,0,0
"Netherlands",1989,TRUE,1,0.00340700009837747,-0.00770065002143383,0.0249000005424023,1,0,0
"Netherlands",1994,TRUE,0,0.00107500003650784,0.00825984962284565,0.0162000004202127,1,0,0
"Netherlands",1998,TRUE,1,0.00625299988314509,0.0381410494446754,0.0303000006824732,1,0,0
"New Zealand",1960,TRUE,0,NA,NA,NA,1,0,1
"New Zealand",1963,TRUE,1,0.00496400007978082,-0.0308653395622969,0.0236000008881092,1,0,1
"New Zealand",1966,TRUE,1,-0.00474700005725026,0.0120904641225934,0.0366999991238117,1,0,1
"New Zealand",1969,TRUE,1,0.010495999827981,0.00199071201495826,0.0044999998062849,1,0,1
"New Zealand",1972,FALSE,0,-0.0225460007786751,0.0211295392364264,0.0194000005722046,1,0,1
"New Zealand",1975,FALSE,0,-0.0317820012569427,0.0119610000401735,0.0135000003501773,1,0,1
"New Zealand",1978,TRUE,1,-0.0375350005924702,0.0278495121747255,-0.0157999992370605,1,0,1
"New Zealand",1981,TRUE,1,-0.00774599984288216,-0.00764727499336004,0.0132999997586012,1,0,1
"New Zealand",1984,TRUE,0,0.00627900008112192,-0.016994895413518,0.0258000008761883,1,0,1
"New Zealand",1987,TRUE,1,0.0145439999178052,0.0292124506086111,0.00419999985024333,1,0,1
"New Zealand",1991,FALSE,NA,-0.00997199956327677,0.00631923088803887,-0.0131000000983477,1,0,1
"New Zealand",1994,TRUE,1,0.0285059995949268,-0.00194730504881591,0.0192000009119511,1,0,0
"New Zealand",1997,TRUE,1,-0.0172339994460344,0.0414249524474144,0.0216000005602837,1,0,0
"New Zealand",2000,TRUE,0,0.00531799998134375,-0.0253772344440222,0.025900000706315,1,0,0
"Nicaragua",1990,TRUE,0,NA,NA,NA,0,1,0
"Nicaragua",1996,TRUE,0,-0.0122849997133017,0.0171876065433025,-0.00899999961256981,0,1,0
"Nicaragua",2001,TRUE,0,-0.0231289993971586,-0.0265973936766386,0.0359000004827976,0,1,0
"Norway",1961,TRUE,1,0.0149309998378158,NA,NA,1,0,0
"Norway",1965,TRUE,0,-0.00281199999153614,-0.00519219879060984,0.0342000015079975,1,0,0
"Norway",1969,TRUE,1,-0.000159000002895482,-0.00167037302162498,0.0331999994814396,1,0,0
"Norway",1977,FALSE,NA,-0.00900200009346008,-0.0214835964143276,0.0364999994635582,1,0,0
"Norway",1981,FALSE,0,0.0184330008924007,0.0178813543170691,0.031300000846386,1,0,0
"Norway",1985,TRUE,1,0.0190350003540516,0.00926668103784323,0.0364000014960766,1,0,0
"Norway",1989,TRUE,0,-0.0160380005836487,-0.035162765532732,0.00579999992623925,1,0,0
"Norway",1993,TRUE,1,0.000515999970957637,-0.0292826611548662,0.0264999996870756,1,0,0
"Norway",1997,FALSE,0,0.0246249996125698,0.0665682032704353,0.044599998742342,1,0,0
"Pakistan",1991,TRUE,0,-0.0341229997575283,0.0118755344301462,0.0210999995470047,0,1,1
"Pakistan",1994,FALSE,0,0.0110529996454716,-0.0231430009007454,0.0199999995529652,0,1,1
"Pakistan",1997,TRUE,1,-0.0017010000301525,-0.00582142779603601,0.0153000000864267,0,1,1
"Panama",1989,FALSE,0,NA,NA,NA,0,1,0
"Panama",1994,FALSE,0,-0.0184940006583929,-0.0170585867017508,0.0476000010967255,0,1,0
"Panama",1999,FALSE,0,0.0203770007938147,-0.0140428068116307,0.0263999998569489,0,1,0
"Papua New Guinea",1977,TRUE,1,0.00566700007766485,0.0213090311735868,NA,0,1,1
"Papua New Guinea",1982,TRUE,0,0.0103660002350807,-0.0105398679152131,-0.025000000372529,0,1,1
"Papua New Guinea",1987,TRUE,1,0.0143069997429848,-0.00333064491860569,0.0109999999403954,0,1,1
"Papua New Guinea",1992,TRUE,0,-0.037966001778841,-0.0228640995919704,0.0197999998927116,0,1,1
"Papua New Guinea",1997,TRUE,0,-0.00276799988932908,0.0259227231144905,-0.0288999993354082,0,0,1
"Papua New Guinea",2002,TRUE,0,-0.00845499988645315,0.013381714001298,-0.0405000001192093,0,0,1
"Paraguay",1993,TRUE,0,0.00205700006335974,-0.0230333022773266,0.00240000011399388,0,1,0
"Paraguay",1998,FALSE,1,0.00776399997994304,-0.0187819637358189,-0.00120000005699694,0,1,0
"Paraguay",2003,TRUE,0,0.0150389997288585,0.0183121226727962,-0.0141000002622604,0,1,0
"Peru",1985,FALSE,0,0.0204099994152784,-0.0241764094680548,-0.0201999992132187,0,1,0
"Peru",1990,FALSE,0,-0.0243859998881817,0.00550776114687324,-0.0386999994516373,0,1,0
"Peru",1995,TRUE,1,-0.00188100000377744,0.0033933469094336,0.0339000001549721,0,1,0
"Philippines",1961,TRUE,0,-0.0157650001347065,NA,NA,0,0,1
"Philippines",1965,TRUE,0,-0.0142040001228452,0.00382594508118927,0.0195000004023314,0,0,1
"Philippines",1969,TRUE,1,-0.0200640000402927,0.00123943400103599,0.0178999993950129,0,0,1
"Philippines",1992,FALSE,0,-0.00198399997316301,-0.00407331110909581,NA,0,1,1
"Philippines",1998,FALSE,0,-0.020346000790596,-0.0093487435951829,0.0126000000163913,0,1,1
"Poland",1995,TRUE,0,0.00236000004224479,0.0416469499468803,0.0195000004023314,0,1,0
"Poland",2000,TRUE,1,-0.00665199989452958,0.00310803391039371,0.0509999990463257,0,1,0
"Portugal",1976,TRUE,0,NA,NA,NA,1,1,0
"Portugal",1980,TRUE,1,0.00379200000315905,-0.00811119377613068,0.0353999994695187,1,1,0
"Portugal",1985,TRUE,0,-0.0584339983761311,0.0170518606901169,0.0015999999595806,1,1,0
"Portugal",1987,TRUE,1,0.0191280003637075,-0.0357378199696541,0.0533999986946583,1,1,0
"Portugal",1991,TRUE,1,-0.00581899983808398,0.0173884984105825,0.0588000006973743,1,0,0
"Portugal",1995,TRUE,0,0.00860999990254641,-0.0132707981392741,0.00860000029206276,1,0,0
"Romania",1996,TRUE,0,-0.0130610000342131,-0.00631118379533291,0.0434999987483025,0,1,0
"Russia",1996,TRUE,1,-0.0261220000684261,NA,NA,0,1,0
"Russia",2000,FALSE,0,0.0268220007419586,0.0465416498482227,0.033500000834465,0,1,0
"Slovakia",1994,FALSE,0,NA,NA,NA,0,1,0
"Slovakia",1998,TRUE,0,-0.00264200009405613,-0.0565046332776546,0.0526000000536442,0,1,0
"Slovakia",2002,TRUE,1,-0.0266919992864132,-0.0206342097371817,0.0285000000149012,0,1,0
"Slovenia",1992,TRUE,0,NA,NA,NA,0,1,0
"Slovenia",1996,TRUE,1,0.00331200007349253,-0.00381105905398726,NA,0,1,0
"Slovenia",2000,FALSE,1,-0.00573300011456013,-0.00161627598572522,0.0454000011086464,0,1,0
"South Africa",1989,TRUE,0,NA,NA,NA,0,0,0
"South Africa",1994,TRUE,0,NA,NA,NA,0,0,0
"South Africa",1999,TRUE,0,0.00442299991846085,0.0108980368822813,0.00240000011399388,0,0,0
"Spain",1979,TRUE,1,-0.00938799977302551,NA,NA,1,1,0
"Spain",1982,FALSE,NA,-0.0228780005127192,-0.0177688412368298,0.0071000000461936,1,1,0
"Spain",1986,TRUE,1,0.00812999997287989,-0.00655106781050563,0.0189999993890524,1,1,0
"Spain",1989,TRUE,1,0.0121210003271699,0.0154373133555055,0.0493000000715256,1,1,0
"Spain",1993,TRUE,1,-0.0303520001471043,-0.00804116576910019,0.0132999997586012,1,0,0
"Spain",1996,TRUE,0,-0.00436200015246868,-0.00167823501396924,0.0230000000447035,1,0,0
"Spain",2000,TRUE,1,0.0435779988765717,-0.00369921303354204,0.0342999994754791,1,0,0
"Sri Lanka",1960,FALSE,0,NA,NA,NA,0,1,1
"Sri Lanka",1965,TRUE,0,-0.00126000004820526,0.00284148496575654,0.00820000004023314,0,1,1
"Sri Lanka",1970,TRUE,0,0.00292099989019334,-0.0046461820602417,0.0342000015079975,0,0,1
"Sri Lanka",1977,TRUE,0,0.0342490002512932,-0.0297476463019848,0.0187999997287989,0,0,1
"Sri Lanka",1988,TRUE,0,-0.0140589997172356,-0.016295675188303,0.0284000001847744,0,0,0
"Sri Lanka",1994,FALSE,0,-0.0111950002610683,0.00259762397035956,0.0406999997794628,0,0,0
"Sri Lanka",1999,TRUE,1,0.0115890000015497,0.00932450126856565,0.0362999998033047,0,0,0
"Sweden",1961,TRUE,1,0.0251790005713701,NA,NA,1,0,0
"Sweden",1965,TRUE,1,0.00656699994578958,-0.0158601775765419,0.046000000089407,1,0,0
"Sweden",1969,TRUE,1,0.000153000000864267,0.000764620024710894,0.0256999991834164,1,0,0
"Sweden",1971,FALSE,NA,0.00741000007838011,0.0129015920683742,0.0282000005245209,1,0,0
"Sweden",1974,TRUE,1,-0.014937000349164,-0.00854747928678989,0.0243999995291233,1,0,0
"Sweden",1977,TRUE,0,-0.0183230005204678,0.00566911278292537,0.0109999999403954,1,0,0
"Sweden",1980,FALSE,0,-0.0066019999794662,-0.0626964718103409,0.0159000009298325,1,0,0
"Sweden",1983,TRUE,0,-0.0184429995715618,-0.00944732595235109,0.00820000004023314,1,0,0
"Sweden",1986,TRUE,1,0.0112659996375442,0.0233606025576591,0.0278999991714954,1,0,0
"Sweden",1989,TRUE,1,0.011909999884665,0.0584258995950222,0.0245999991893768,1,0,0
"Sweden",1992,TRUE,0,-0.0333429984748363,-0.0173757672309875,-0.00540000014007092,1,0,0
"Sweden",1994,TRUE,0,0.0499279983341694,-0.100868195295334,-0.00970000028610229,1,0,0
"Sweden",1998,TRUE,1,0.0122910002246499,0.0647745281457901,0.0297999996691942,1,0,0
"Sweden",2002,TRUE,1,NA,NA,0.0276999995112419,1,0,0
"Trinidad",1966,TRUE,1,-0.0189849995076656,0.0125053655356169,NA,0,1,1
"Trinidad",1971,TRUE,1,-0.0525350011885166,0.0199556369334459,0.0179999992251396,0,0,1
"Trinidad",1976,TRUE,1,NA,NA,0.0631999969482422,0,0,1
"Trinidad",1981,FALSE,1,0.00740200001746416,-0.0194653458893299,0.0531000010669231,0,0,1
"Trinidad",1986,TRUE,0,-0.00813299976289272,0.0491379350423813,-0.00789999961853027,0,0,1
"Trinidad",1995,TRUE,0,-0.00449500000104308,0.00633373484015465,0.00400000018998981,0,0,1
"Turkey",1969,TRUE,1,NA,NA,NA,1,0,0
"Turkey",1977,TRUE,0,-0.0248279999941587,0.00756220007315278,0.0463000014424324,1,1,0
"Turkey",1987,TRUE,1,-0.00700500002130866,0.0171987004578114,0.0438000001013279,1,1,0
"Turkey",1991,TRUE,0,-0.0229170005768538,-0.000884332985151559,0.0282000005245209,1,1,0
"Turkey",1995,TRUE,1,-0.00184699997771531,-0.00497520202770829,-0.0118000004440546,1,1,0
"Turkey",1999,TRUE,0,-0.0461909994482994,0.00482605677098036,-0.0260000005364418,1,0,0
"United Kingdom",1964,FALSE,0,-0.0281830001622438,0.0311485771089792,NA,1,0,1
"United Kingdom",1966,TRUE,1,0.020456999540329,-0.0324813164770603,0.0181000009179115,1,0,1
"United Kingdom",1970,TRUE,0,0.00183900003321469,0.0191214550286531,0.0220999997109175,1,0,1
"United Kingdom",1974,TRUE,0,-0.00582000007852912,-0.0420904271304607,0.0251000002026558,1,0,1
"United Kingdom",1979,TRUE,0,0.00140599999576807,0.00421889079734683,0.0273000001907349,1,0,1
"United Kingdom",1983,TRUE,1,-0.00694399978965521,0.00221110205166042,0.00419999985024333,1,0,1
"United Kingdom",1987,TRUE,1,0.00938499998301268,0.0098544592037797,0.0335999988019466,1,0,1
"United Kingdom",1992,TRUE,1,-0.0413459986448288,-0.031597550958395,-0.00870000012218952,1,0,1
"United Kingdom",1997,TRUE,0,0.0247419998049736,0.0247160717844963,0.0302000008523464,1,0,1
"United States",1960,FALSE,0,NA,NA,NA,1,0,1
"United States",1964,FALSE,1,-0.00123299995902926,-0.00481984298676252,0.0412999987602234,1,0,1
"United States",1968,TRUE,0,-0.00622999994084239,-0.00206296192482114,0.034400001168251,1,0,1
"United States",1972,TRUE,1,0.00798099953681231,-0.0109020620584488,0.0181000009179115,1,0,1
"United States",1976,TRUE,0,0.0150140002369881,-0.0167522188276052,0.0162000004202127,1,0,1
"United States",1980,TRUE,0,-0.0137719996273518,0.0130019821226597,0.022299999371171,1,0,1
"United States",1984,TRUE,1,0.00735200010240078,-0.0262521281838417,0.0198999997228384,1,0,1
"United States",1988,FALSE,1,0.00761700002476573,0.00923663843423128,0.0274999998509884,1,0,1
"United States",1992,TRUE,0,-0.0072719999589026,-0.0145918829366565,0.00860000029206276,1,0,1
"United States",1996,TRUE,1,0.00558600015938282,0.0198694542050362,0.0197999998927116,1,0,1
"United States",2000,FALSE,0,0.00903499964624643,0.0187933556735516,0.0285999998450279,1,0,1
"Uruguay",1966,FALSE,0,0.0331780016422272,NA,0.00549999997019768,0,0,0
"Uruguay",1989,FALSE,0,-0.0121590001508594,0.000698928022757173,NA,0,1,0
"Uruguay",1994,FALSE,0,-0.0210439991205931,-0.0068107140250504,0.0351000018417835,0,1,0
"Uruguay",1999,FALSE,1,-0.0288789998739958,0.00360915809869766,0.0143999997526407,0,1,0
"Venezuela",1963,FALSE,1,-0.00242700008675456,0.03017339669168,NA,0,1,0
"Venezuela",1968,FALSE,0,-0.00681800022721291,-0.00970610231161118,0.0190999992191792,0,1,0
"Venezuela",1973,FALSE,0,0.0256890002638102,0.0240717381238937,0.00179999996908009,0,1,0
"Venezuela",1978,FALSE,0,-0.0251989997923374,-0.133047372102737,0.00620000017806888,0,1,0
"Venezuela",1983,FALSE,0,0.0156100001186132,-0.0142234843224287,-0.0476000010967255,0,0,0
"Venezuela",1993,FALSE,0,0.00588499987497926,-0.0137568861246109,0.000199999994947575,0,0,0
"Venezuela",1998,FALSE,0,-0.0664519965648651,0.0453621707856655,-0.00579999992623925,0,0,0
"Ethiopia",1999,TRUE,1,-0.0341770015656948,-0.00560532510280609,NA,0,1,1
"Georgia",2000,TRUE,1,0.00587400002405047,0.00561435800045729,0.0617999993264675,0,1,0
"Guyana",1968,TRUE,1,-0.00472800014540553,0.00995585974305868,0.00540000014007092,0,1,0
"Guyana",1973,TRUE,1,-0.0916630029678345,-0.0104696108028293,0.0130000002682209,0,1,0
"Guyana",1992,TRUE,0,NA,NA,NA,0,1,0
"Guyana",1997,FALSE,0,-0.0309999994933605,0.035526979714632,0.067500002682209,0,1,0
"Jamaica",1976,TRUE,1,-0.0355000011622906,NA,-0.0425000004470348,0,1,1
"Jamaica",1980,TRUE,0,-0.0563529990613461,0.0219648852944374,-0.0263999998569489,0,0,1
"Jamaica",1983,TRUE,1,-0.033720999956131,0.0364253595471382,-0.00579999992623925,0,0,1
"Jamaica",1992,FALSE,0,NA,NA,0.0111999996006489,0,0,1
"Jamaica",1998,TRUE,1,NA,NA,-0.00370000000111759,0,0,1
"Moldova",1996,TRUE,0,NA,NA,NA,0,1,0
"Moldova",2001,TRUE,0,0.0149619998410344,0.0186525546014309,0.00139999995008111,0,1,0
"Mongolia",1997,TRUE,0,-0.00883499998599291,0.013611669652164,0.0238000005483627,0,1,1
"Mongolia",2001,TRUE,1,0.0102019999176264,-0.00897025968879461,0.0132999997586012,0,1,1
"Solomon Islands",1980,TRUE,1,0.002070999937132,-0.00242448691278696,NA,0,1,1
"Solomon Islands",1989,TRUE,0,-0.0287340003997087,-0.0157917812466621,0.014299999922514,0,1,1
"Solomon Islands",1993,TRUE,0,NA,NA,0.0109000001102686,0,1,1
"Solomon Islands",1997,TRUE,0,-0.0315289981663227,0.0267397053539753,0.000300000014249235,0,0,1
"Thailand",1983,TRUE,1,0.0240790005773306,0.000253498990787193,0.0357000008225441,0,1,1
"Thailand",1986,TRUE,1,0.00677999993786216,0.00158252695109695,0.0364999994635582,0,1,1
"Thailand",1995,TRUE,0,0.00434600003063679,-0.00262729194946587,0.0794000029563904,0,0,1
"Thailand",2000,TRUE,0,0.00429000006988645,-0.0205027889460325,-0.0143999997526407,0,0,1
