"country","year","gdp","pubsurp","credit","extgdp","exr","open","curcrises","bkcrises","twin","area"
"Malta",1970,0,0.167722165,NA,0,10.1357715,NA,NA,NA,0,"other"
"Malta",1971,2.424360257,-0.145499022,13.37751227,3.054509511,7.537870051,NA,NA,NA,0,"other"
"Malta",1972,5.674250934,0.067675022,-1.212306265,4.677906002,-3.339564128,NA,NA,NA,0,"other"
"Malta",1973,9.312183134,0.01337386,-27.41642446,5.067193569,-7.957988409,NA,NA,NA,0,"other"
"Malta",1974,9.554590586,-0.066646562,21.93493754,-0.629153325,-7.217432514,NA,NA,NA,0,"other"
"Malta",1975,17.86489388,0.052626411,-9.260602762,-0.816103872,-18.59153258,NA,0,0,0,"other"
"Malta",1976,15.71497415,-0.004295246,20.34170312,4.820318497,-17.37814449,NA,0,0,0,"other"
"Malta",1977,11.49716674,0.029827089,-17.36320182,4.411991747,-19.12547749,NA,0,0,0,"other"
"Malta",1978,10.58108755,NA,-10.68231859,4.704603941,-15.70287484,NA,0,0,0,"other"
"Malta",1979,9.976178691,NA,17.81146995,2.488028488,-1.765918431,NA,0,0,0,"other"
"Malta",1980,6.812316253,0.002886598,30.37517025,-0.538743241,13.1189901,NA,0,0,0,"other"
"Malta",1981,3.258104784,-0.028540494,11.2864418,1.750816024,15.67988247,NA,0,0,0,"other"
"Malta",1982,2.258748255,0.032692308,25.59407172,-2.178058416,13.29442761,NA,0,0,0,"other"
"Malta",1983,-0.614273704,-0.011429191,11.50182467,3.816867932,15.14089707,NA,0,0,0,"other"
"Malta",1984,0.937957009,-0.044684872,24.75606351,6.007939716,14.74536218,NA,0,0,0,"other"
"Malta",1985,2.552424949,-0.000566517,2.392915577,3.115946019,7.928669416,NA,0,0,0,"other"
"Malta",1986,3.811619931,-0.031281865,27.74407964,2.87147774,4.895863525,NA,0,0,0,"other"
"Malta",1987,4.028277504,0.060181367,22.67178423,3.031145771,8.217314343,NA,0,0,0,"other"
"Malta",1988,8.078925067,-0.046187135,14.61832265,3.857432698,8.16530176,NA,0,0,0,"other"
"Malta",1989,7.861803986,-0.009432421,24.90100197,2.501006818,5.958970211,NA,0,0,0,"other"
"Malta",1990,6.10141117,-0.00334614,25.61777315,0.811074829,6.678749733,NA,0,0,0,"other"
"Malta",1991,6.06856997,0.015513004,18.11400675,-0.977278037,-0.386756642,NA,0,0,0,"other"
"Malta",1992,4.58423538,-0.000393604,8.910769082,2.68448554,-11.49513254,NA,1,0,0,"other"
"Malta",1993,4.383262653,-0.009902066,13.47881509,2.207845966,-9.585384006,NA,0,0,0,"other"
"Malta",1994,3.360368975,0.005850506,11.04830577,3.462343528,-11.68302972,NA,0,0,0,"other"
"Malta",1995,7.066174738,NA,18.18797081,1.99844809,-5.347053729,NA,0,0,0,"other"
"Malta",1996,3.519540655,NA,17.83233348,3.679556467,2.043708214,NA,0,0,0,"other"
"Malta",1997,2.891537504,NA,NA,3.856177038,NA,NA,1,0,0,"other"
"Turkey",1970,0,NA,NA,0,-11.23100957,NA,NA,NA,0,"other"
"Turkey",1971,NA,NA,18.79293174,3.054509511,-4.736223383,NA,NA,NA,0,"other"
"Turkey",1972,NA,NA,20.49879465,4.677906002,-10.37192095,NA,NA,NA,0,"other"
"Turkey",1973,NA,NA,19.9901715,5.067193569,-1.096818138,NA,NA,NA,0,"other"
"Turkey",1974,NA,NA,32.99361839,-0.629153325,5.452589231,6.1,NA,NA,0,"other"
"Turkey",1975,NA,NA,41.6647895,-0.816103872,10.44785622,4.8,0,0,0,"other"
"Turkey",1976,NA,NA,34.82758128,4.820318497,13.35952878,5.2,0,0,0,"other"
"Turkey",1977,NA,NA,34.50414045,4.411991747,7.510970484,3.9,0,0,0,"other"
"Turkey",1978,NA,NA,29.20476872,4.704603941,18.49850181,4.3,1,0,0,"other"
"Turkey",1979,NA,NA,46.77279678,2.488028488,-3.018388702,3.4,1,0,0,"other"
"Turkey",1980,NA,NA,63.41915458,-0.538743241,6.88150948,5.2,1,0,0,"other"
"Turkey",1981,NA,NA,40.29533573,1.750816024,-0.408132587,8.4,0,0,0,"other"
"Turkey",1982,NA,NA,38.49429838,-2.178058416,-3.115569441,12.1,0,1,0,"other"
"Turkey",1983,NA,NA,32.94661557,3.816867932,-4.477053922,12.7,0,1,0,"other"
"Turkey",1984,NA,NA,56.96778485,6.007939716,-1.112953056,16,0,1,0,"other"
"Turkey",1985,NA,NA,47.78397961,3.115946019,-18.97100689,16.5,0,1,0,"other"
"Turkey",1986,NA,-0.014604386,30.29803903,2.87147774,-24.32021491,14,0,0,0,"other"
"Turkey",1987,NA,-0.012026931,43.04125306,3.031145771,-20.08152502,16.3,0,0,0,"other"
"Turkey",1988,2.294220078,-0.016548566,38.13497636,3.857432698,-6.613486838,19.9,0,0,0,"other"
"Turkey",1989,0.289822465,-0.010900199,39.94322447,2.501006818,7.800459354,17.5,0,0,0,"other"
"Turkey",1990,8.778913758,-0.033747669,40.31906823,0.811074829,12.21866044,14,0,0,0,"other"
"Turkey",1991,1.073727317,-0.012405736,53.57598545,-0.977278037,8.217519468,14.4,0,0,0,"other"
"Turkey",1992,5.339560346,-0.041595161,57.20584688,2.68448554,14.82238454,15.2,0,0,0,"other"
"Turkey",1993,8.097943798,-0.004405032,59.86796839,2.207845966,-15.07231641,14.4,0,0,0,"other"
"Turkey",1994,-5.098155912,-0.020797573,73.0942151,3.462343528,-5.245584223,22.3,1,1,1,"other"
"Turkey",1995,6.476705027,-0.064020952,67.03594207,1.99844809,3.24769528,21.2,0,0,0,"other"
"Turkey",1996,7.119042754,NA,81.84274249,3.679556467,14.95048188,25.9,0,0,0,"other"
"Turkey",1997,7.007100092,NA,NA,3.856177038,NA,27.4,0,0,0,"other"
"South Africa",1970,0,-0.032832135,NA,0,5.221146816,NA,NA,NA,0,"other"
"South Africa",1971,4.189939912,0.005407145,11.09029621,3.054509511,-3.253378824,NA,NA,NA,0,"other"
"South Africa",1972,1.640985171,0.028983245,10.782606,4.677906002,-3.078621576,NA,NA,NA,0,"other"
"South Africa",1973,4.470819546,-0.016293795,21.58377128,5.067193569,1.754412568,NA,NA,NA,0,"other"
"South Africa",1974,5.931632798,-0.04060647,16.12302522,-0.629153325,-2.516576793,NA,NA,NA,0,"other"
"South Africa",1975,1.68122788,-0.011025983,19.35999889,-0.816103872,-9.156967471,NA,1,0,0,"other"
"South Africa",1976,2.224936488,0.008297508,8.339025721,4.820318497,-7.840467855,28.1,0,0,0,"other"
"South Africa",1977,-0.094033241,-0.008183648,8.371532432,4.411991747,-13.47547111,31.5,0,1,1,"other"
"South Africa",1978,2.969946565,-0.001398235,10.96421536,4.704603941,-5.785710392,33.9,1,0,0,"other"
"South Africa",1979,3.720430226,0.013128232,16.69696912,2.488028488,10.40840769,36.6,0,0,0,"other"
"South Africa",1980,6.410660255,-0.006401238,19.43179406,-0.538743241,20.00199544,37,0,0,0,"other"
"South Africa",1981,5.222018219,-0.006606152,22.36221767,1.750816024,15.50829657,29.2,0,0,0,"other"
"South Africa",1982,-0.384130468,-0.013897241,8.970914828,-2.178058416,25.95473143,27.1,0,0,0,"other"
"South Africa",1983,-1.863809321,-0.019576389,16.42126045,3.816867932,12.20552345,25.5,0,0,0,"other"
"South Africa",1984,4.973376851,0.017307474,19.68563089,6.007939716,-14.84113081,26.7,1,0,0,"other"
"South Africa",1985,-1.218928126,-0.016285644,17.66566786,3.115946019,-18.67439269,33,1,1,1,"other"
"South Africa",1986,0.01799779,-0.016241966,8.231458804,2.87147774,-5.368745866,32.5,1,0,0,"other"
"South Africa",1987,2.078875836,0.010526421,13.8560933,3.031145771,-7.889775714,28.7,0,0,0,"other"
"South Africa",1988,4.114356278,0.003212281,22.91435753,3.857432698,-4.679954836,28.4,0,0,0,"other"
"South Africa",1989,2.366557103,-0.017195537,16.17142661,2.501006818,0.212741387,27.4,0,1,0,"other"
"South Africa",1990,-0.318264283,-0.011384379,14.42105479,0.811074829,6.369162345,25.4,0,0,0,"other"
"South Africa",1991,-1.0234766,-0.036387576,NA,-0.977278037,8.874276532,23.8,0,0,0,"other"
"South Africa",1992,-2.217272513,-0.005020945,NA,2.68448554,3.573290539,23,0,0,0,"other"
"South Africa",1993,1.280784258,-0.02400438,11.50967562,2.207845966,0.318091131,23.7,0,0,0,"other"
"South Africa",1994,2.711678508,0.031416756,19.25283768,3.462343528,-3.011662076,23.8,0,0,0,"other"
"South Africa",1995,3.310835966,-0.009393062,11.1606765,1.99844809,-6.990229186,24.9,0,0,0,"other"
"South Africa",1996,3.190574792,0.000729586,16.69471123,3.679556467,4.915928962,27.2,1,0,0,"other"
"South Africa",1997,1.662169571,NA,NA,3.856177038,NA,27.5,0,0,0,"other"
"Argentina",1970,0,NA,NA,0,-12.16369432,NA,NA,NA,0,"latam"
"Argentina",1971,3.342930199,NA,46.00532984,3.054509511,14.42754082,NA,NA,NA,0,"latam"
"Argentina",1972,1.899650103,NA,43.82549309,4.677906002,46.11166957,NA,NA,NA,0,"latam"
"Argentina",1973,3.174868803,-0.102040816,77.81403934,5.067193569,57.74078397,NA,NA,NA,0,"latam"
"Argentina",1974,6.062463164,-0.076923077,44.18327523,-0.629153325,-0.629691602,NA,NA,NA,0,"latam"
"Argentina",1975,-0.738011566,-0.065876153,97.54577092,-0.816103872,-21.69285773,NA,1,0,0,"latam"
"Argentina",1976,-0.247218715,-0.010511228,129.075974,4.820318497,-32.30653717,6.6,1,0,0,"latam"
"Argentina",1977,6.004204823,-0.020825373,119.8178271,4.411991747,-14.02364821,9.8,0,0,0,"latam"
"Argentina",1978,-3.317839929,-0.016490071,101.1478988,4.704603941,21.87053315,8.5,0,0,0,"latam"
"Argentina",1979,7.025407535,-0.01984375,107.4664084,2.488028488,52.72222041,6.4,0,0,0,"latam"
"Argentina",1980,1.517391057,-0.038346267,74.71842143,-0.538743241,47.01203961,4.7,0,1,1,"latam"
"Argentina",1981,-5.915321578,-0.023654585,108.4813164,1.750816024,-31.49356769,6.4,0,1,0,"latam"
"Argentina",1982,-3.19918806,-0.066745205,109.3158211,-2.178058416,-34.51817844,10.9,1,1,0,"latam"
"Argentina",1983,4.080502779,-0.027497964,161.0981417,3.816867932,-20.08011305,8.9,1,0,0,"latam"
"Argentina",1984,1.975472368,-0.047834948,188.377909,6.007939716,-31.23657409,8.2,0,0,0,"latam"
"Argentina",1985,-7.19913744,0.004445537,NA,3.115946019,-29.59252775,11.4,0,0,0,"latam"
"Argentina",1986,6.889277114,-0.016667452,NA,2.87147774,-42.02582969,8,0,0,0,"latam"
"Argentina",1987,2.55980697,-0.007732789,NA,3.031145771,-43.3370224,7.5,0,0,0,"latam"
"Argentina",1988,-1.911199314,-0.006156826,NA,3.857432698,-86.21048136,8.8,0,0,0,"latam"
"Argentina",1989,-7.184584167,-0.002968546,NA,2.501006818,-38.73249431,15.3,1,1,1,"latam"
"Argentina",1990,-1.8553005,-0.004073897,NA,0.811074829,12.90847679,10.5,1,1,0,"latam"
"Argentina",1991,10.0591405,0.003923432,60.99246591,-0.977278037,28.73579144,7.6,1,0,0,"latam"
"Argentina",1992,9.193018171,-0.005827542,20.8302465,2.68448554,36.66935687,6.4,0,0,0,"latam"
"Argentina",1993,5.546061939,-0.001106712,18.62132854,2.207845966,36.18547462,6,0,0,0,"latam"
"Argentina",1994,7.699250383,0.00164447,10.2467654,3.462343528,29.27332495,6.5,0,0,0,"latam"
"Argentina",1995,-4.102851779,-0.012804724,5.158111704,1.99844809,33.20351587,8.5,0,1,0,"latam"
"Argentina",1996,4.675469339,NA,6.301547466,3.679556467,41.29215786,9.1,0,0,0,"latam"
"Argentina",1997,8.246445348,NA,NA,3.856177038,NA,8.8,0,0,0,"latam"
"Brazil",1970,0,-0.003910153,NA,0,NA,NA,NA,NA,0,"latam"
"Brazil",1971,10.73203536,0.002279263,32.52026428,3.054509511,NA,NA,NA,NA,0,"latam"
"Brazil",1972,11.29746127,0.005959408,46.20354456,4.677906002,NA,NA,NA,NA,0,"latam"
"Brazil",1973,13.05760295,0.009542327,33.64722484,5.067193569,NA,NA,NA,NA,0,"latam"
"Brazil",1974,7.818163912,-0.013066669,41.02157126,-0.629153325,NA,NA,NA,NA,0,"latam"
"Brazil",1975,5.074229542,0.00122399,45.32768093,-0.816103872,NA,7.4,NA,0,0,"latam"
"Brazil",1976,9.752904424,-0.007220217,49.19743966,4.820318497,NA,7.2,NA,0,0,"latam"
"Brazil",1977,4.810816213,-0.011611833,44.93028003,4.411991747,NA,7.4,NA,0,0,"latam"
"Brazil",1978,4.852773665,0.004697198,17.42593709,4.704603941,2.99725555,6.9,NA,0,0,"latam"
"Brazil",1979,6.542863743,-0.021686747,61.72911443,2.488028488,12.85315823,7.6,NA,0,0,"latam"
"Brazil",1980,8.82398425,-0.012085211,59.18017726,-0.538743241,28.4260941,9.3,0,0,0,"latam"
"Brazil",1981,-4.325887426,-0.013526569,66.8388287,1.750816024,30.47196643,9.7,0,0,0,"latam"
"Brazil",1982,0.813692398,-0.031342106,73.53575265,-2.178058416,-3.690407924,7.9,1,0,0,"latam"
"Brazil",1983,-2.974531624,-0.037751287,102.7471404,3.816867932,-14.30535653,12,1,0,0,"latam"
"Brazil",1984,6.164664959,-0.097677001,102.4655104,6.007939716,-20.8979401,14.5,0,0,0,"latam"
"Brazil",1985,7.257069099,-0.090991557,139.0965316,3.115946019,-23.59019477,12.4,0,0,0,"latam"
"Brazil",1986,6.765868458,-0.0781779,135.4831502,2.87147774,-26.16304897,9,0,0,0,"latam"
"Brazil",1987,3.32466907,-0.135606236,147.1794477,3.031145771,-28.50284194,9.5,1,0,0,"latam"
"Brazil",1988,-0.059946692,-0.173763252,268.5008538,3.857432698,-1.470887047,10.9,0,0,0,"latam"
"Brazil",1989,3.945602831,-0.051950153,286.6914143,2.501006818,18.48030926,9.7,0,0,0,"latam"
"Brazil",1990,0.865806879,0.006870195,264.9166991,0.811074829,8.336415972,7.6,1,1,1,"latam"
"Brazil",1991,0.858374964,-0.037646433,168.1092426,-0.977278037,-9.952469886,8.6,1,0,0,"latam"
"Brazil",1992,-0.858374964,-0.091550248,267.6552361,2.68448554,-12.10524753,10.2,0,0,0,"latam"
"Brazil",1993,5.859420386,-0.064019809,331.9670561,2.207845966,-6.633004136,9.9,0,0,0,"latam"
"Brazil",1994,4.762800131,NA,226.6301801,3.462343528,7.896900832,9,0,1,1,"latam"
"Brazil",1995,3.802742185,NA,15.93279587,1.99844809,16.38253082,7.5,1,1,0,"latam"
"Brazil",1996,2.941383175,NA,22.55936468,3.679556467,21.46676763,6.8,0,1,0,"latam"
"Brazil",1997,NA,NA,NA,3.856177038,NA,7.5,0,0,0,"latam"
"Chile",1970,0,-0.056702289,NA,0,-2.750830293,NA,NA,NA,0,"latam"
"Chile",1971,8.576693183,-0.08529112,84.86136501,3.054509511,-5.625568713,NA,NA,NA,0,"latam"
"Chile",1972,-1.220586358,-0.047085577,93.66653761,4.677906002,-52.34915412,NA,NA,NA,0,"latam"
"Chile",1973,-5.725860452,-0.044679333,197.8366511,5.067193569,-18.92188828,NA,NA,NA,0,"latam"
"Chile",1974,0.969739457,0.015234173,170.3601103,-0.629153325,-26.09687706,NA,NA,NA,0,"latam"
"Chile",1975,-13.82300183,0.013296948,163.5267789,-0.816103872,-2.785149515,25.5,0,0,0,"latam"
"Chile",1976,3.457513551,-0.017187352,100.3490109,4.820318497,9.824036805,24.5,0,1,0,"latam"
"Chile",1977,9.402698196,0.005476852,80.36107006,4.411991747,-5.582804753,19.5,0,0,0,"latam"
"Chile",1978,7.897131098,0.048878516,46.78014856,4.704603941,1.245494275,19.1,0,0,0,"latam"
"Chile",1979,7.956413539,0.01951698,46.01591159,2.488028488,23.62434124,22.3,0,0,0,"latam"
"Chile",1980,7.493373534,-0.019809549,41.46562021,-0.538743241,48.54865766,21.6,0,0,0,"latam"
"Chile",1981,5.384187371,-0.036458874,30.32984836,1.750816024,43.94490076,15.3,0,1,0,"latam"
"Chile",1982,-15.18962419,-0.018426426,51.66111713,-2.178058416,35.18293353,19.1,0,1,0,"latam"
"Chile",1983,-0.731042289,-0.008064371,22.29022535,3.816867932,39.27330155,23.4,0,1,0,"latam"
"Chile",1984,6.164914043,-0.001723646,41.29095261,6.007939716,10.468172,22.4,0,0,0,"latam"
"Chile",1985,2.441915944,0.008575083,39.80742352,3.115946019,-24.13909475,27.3,1,0,0,"latam"
"Chile",1986,5.445245475,0.025924138,19.23393333,2.87147774,-29.97972584,29.5,0,0,0,"latam"
"Chile",1987,6.3859612,-0.004271801,18.21403061,3.031145771,-29.18335127,30.7,0,0,0,"latam"
"Chile",1988,7.05636316,0.006443015,11.61966327,3.857432698,-19.74807945,33.7,0,0,0,"latam"
"Chile",1989,10.03900526,-0.003691526,10.80090365,2.501006818,-17.67907618,34.9,0,0,0,"latam"
"Chile",1990,3.630858695,0.009239288,18.52339129,0.811074829,-13.29843749,33.7,0,0,0,"latam"
"Chile",1991,7.668314964,0.010556192,13.16809498,-0.977278037,-8.479433764,31.9,0,0,0,"latam"
"Chile",1992,11.58071774,0.000565789,18.12732653,2.68448554,-9.264378274,29.5,0,0,0,"latam"
"Chile",1993,6.753042903,0.000251925,21.71463984,2.207845966,-5.314357225,26.3,0,0,0,"latam"
"Chile",1994,5.551147917,0.0118134,8.483723178,3.462343528,-0.197364395,28.4,0,0,0,"latam"
"Chile",1995,10.09992777,-0.000343423,20.18885541,1.99844809,9.140601501,29.5,0,0,0,"latam"
"Chile",1996,7.108142255,NA,15.21373316,3.679556467,21.8310207,27.1,0,0,0,"latam"
"Chile",1997,6.82418699,NA,NA,3.856177038,NA,26.7,0,0,0,"latam"
"Columbia",1970,0,-0.000622234,NA,0,-10.79171901,13.6,NA,NA,0,"latam"
"Columbia",1971,5.790067892,-0.01286852,16.8948608,3.054509511,-12.14599843,12.4,NA,NA,0,"latam"
"Columbia",1972,7.386899521,0.005342162,15.99981922,4.677906002,-12.74259707,13.9,NA,NA,0,"latam"
"Columbia",1973,6.507999677,-0.001206651,18.85534136,5.067193569,-8.364570912,15,NA,NA,0,"latam"
"Columbia",1974,5.58621483,0.004016193,34.98315557,-0.629153325,-11.25093483,15,NA,NA,0,"latam"
"Columbia",1975,2.29717466,0.010603641,28.33302324,-0.816103872,-6.338503458,16.1,0,0,0,"latam"
"Columbia",1976,4.61878316,0.001835119,17.47572145,4.820318497,9.669839191,18.1,0,0,0,"latam"
"Columbia",1977,4.075977888,0.000178122,26.13622728,4.411991747,9.13325587,17.4,0,0,0,"latam"
"Columbia",1978,8.130390159,3.36468e-06,4.630678012,4.704603941,14.8450684,16.9,0,0,0,"latam"
"Columbia",1979,5.238584646,-0.010606473,5.268872577,2.488028488,21.06823753,16.3,0,0,0,"latam"
"Columbia",1980,4.006780807,0.000372711,40.1228127,-0.538743241,33.39170668,16,0,0,0,"latam"
"Columbia",1981,2.251134724,-0.00946302,31.34716478,1.750816024,39.28996395,11.8,0,0,0,"latam"
"Columbia",1982,0.943947122,-0.006597602,31.28087452,-2.178058416,37.15484329,11.4,0,1,0,"latam"
"Columbia",1983,1.560959936,-0.019888347,31.99383495,3.816867932,29.58022331,9.8,0,1,0,"latam"
"Columbia",1984,3.296646511,-0.000260377,37.26971687,6.007939716,15.00710244,13.6,0,1,0,"latam"
"Columbia",1985,3.058768811,0.006158109,20.09764475,3.115946019,-9.350880474,12.9,1,1,0,"latam"
"Columbia",1986,5.660794639,0.005736361,NA,2.87147774,-18.7049771,18.4,0,1,0,"latam"
"Columbia",1987,5.229311324,-0.010266381,NA,3.031145771,-17.08387658,18.8,0,1,0,"latam"
"Columbia",1988,3.984221043,-0.022432586,35.46157314,3.857432698,-17.66322077,17.2,0,0,0,"latam"
"Columbia",1989,3.357542039,0.016582922,NA,2.501006818,-26.61747314,18.5,0,0,0,"latam"
"Columbia",1990,4.192709158,0.007236342,NA,0.811074829,-24.54930737,21.5,0,0,0,"latam"
"Columbia",1991,1.984900899,-0.03408814,6.568563206,-0.977278037,-23.28153367,22.1,0,0,0,"latam"
"Columbia",1992,3.96052915,0.017950873,28.42903225,2.68448554,-16.30307212,20.9,0,0,0,"latam"
"Columbia",1993,5.242679962,-0.012037398,40.54994258,2.207845966,5.018331459,19.6,0,0,0,"latam"
"Columbia",1994,5.661780027,-0.012414485,43.22443277,3.462343528,9.63562777,17.6,0,0,0,"latam"
"Columbia",1995,5.662835548,-0.020557662,30.9273498,1.99844809,19.50904187,17.1,0,0,0,"latam"
"Columbia",1996,2.031566492,NA,22.57534773,3.679556467,32.46768861,16.9,0,0,0,"latam"
"Columbia",1997,NA,NA,NA,3.856177038,NA,NA,0,0,0,"latam"
"Costa Rica",1970,0,-0.033501471,NA,0,3.043293285,NA,NA,NA,0,"latam"
"Costa Rica",1971,6.558645684,-0.002823827,29.6428305,3.054509511,3.771417414,NA,NA,NA,0,"latam"
"Costa Rica",1972,7.86082481,-0.007035739,15.1657053,4.677906002,5.061107465,NA,NA,NA,0,"latam"
"Costa Rica",1973,7.426220108,0.012303548,9.277546952,5.067193569,-0.901114472,NA,NA,NA,0,"latam"
"Costa Rica",1974,5.396624591,-0.012496578,40.17956807,-0.629153325,11.60755395,NA,NA,NA,0,"latam"
"Costa Rica",1975,2.078324615,-0.0284103,37.2623464,-0.816103872,13.4623698,NA,0,0,0,"latam"
"Costa Rica",1976,5.370723071,0.008624913,16.56617837,4.820318497,11.80995324,NA,0,0,0,"latam"
"Costa Rica",1977,8.530094689,-0.018854802,26.94239015,4.411991747,8.032198737,31.2,0,0,0,"latam"
"Costa Rica",1978,6.07910629,-0.028747398,40.03102152,4.704603941,9.96166782,28.5,0,0,0,"latam"
"Costa Rica",1979,4.823112161,-0.025260234,36.66775394,2.488028488,20.1445478,27.2,0,0,0,"latam"
"Costa Rica",1980,0.749066753,0.034584873,23.9367348,-0.538743241,-39.71655443,24.7,0,0,0,"latam"
"Costa Rica",1981,-2.285454354,0.004561817,11.13677714,1.750816024,-32.38249522,44.7,1,0,0,"latam"
"Costa Rica",1982,-7.564272059,-0.011812333,22.09610406,-2.178058416,-10.27042084,42.6,0,0,0,"latam"
"Costa Rica",1983,2.819312665,0.013963475,59.3064566,3.816867932,-5.215794371,35.8,0,0,0,"latam"
"Costa Rica",1984,7.722458082,0.009913096,15.59644674,6.007939716,-3.717402194,34.7,0,0,0,"latam"
"Costa Rica",1985,0.717952532,-0.024113976,7.354998389,3.115946019,-10.96632282,30.9,0,0,0,"latam"
"Costa Rica",1986,5.381438462,-0.002602862,21.37073957,2.87147774,-13.10092145,31.5,0,0,0,"latam"
"Costa Rica",1987,4.654641933,-0.001478228,17.5226845,3.031145771,-14.28113092,31.9,0,1,0,"latam"
"Costa Rica",1988,3.380911476,-0.020325843,14.39961646,3.857432698,-3.989155664,34.9,0,0,0,"latam"
"Costa Rica",1989,5.511083754,-0.006449293,7.289410939,2.501006818,-3.674151605,35,0,0,0,"latam"
"Costa Rica",1990,3.490465364,-0.00847632,18.81163638,0.811074829,-8.246270317,34.4,0,0,0,"latam"
"Costa Rica",1991,2.237121248,0.008010467,10.27412982,-0.977278037,0.018333697,38.8,0,0,0,"latam"
"Costa Rica",1992,7.446730644,-0.007559286,21.47855886,2.68448554,3.894342388,38.3,0,0,0,"latam"
"Costa Rica",1993,6.145719929,-0.046891015,21.33725762,2.207845966,5.528137984,38.6,0,0,0,"latam"
"Costa Rica",1994,4.385141684,0.000484693,15.09780169,3.462343528,8.745567311,39.9,0,1,0,"latam"
"Costa Rica",1995,2.354135742,-0.005819179,8.156144957,1.99844809,15.4554607,42,0,1,0,"latam"
"Costa Rica",1996,-0.647292836,0.006188158,60.82484131,3.679556467,23.0859666,45.7,0,1,0,"latam"
"Costa Rica",1997,3.131812659,NA,NA,3.856177038,NA,47,0,1,0,"latam"
"Mexico",1970,0,NA,NA,0,-2.354177873,NA,NA,NA,0,"latam"
"Mexico",1971,4.07949864,-0.02112626,3.583205421,3.054509511,-1.697123607,NA,NA,NA,0,"latam"
"Mexico",1972,8.150432765,-0.015487046,26.36491988,4.677906002,0.676923146,NA,NA,NA,0,"latam"
"Mexico",1973,8.070125431,-0.00424586,29.54613414,5.067193569,12.76254961,NA,NA,NA,0,"latam"
"Mexico",1974,5.938102762,-0.009826379,35.46698109,-0.629153325,18.76027825,NA,NA,NA,0,"latam"
"Mexico",1975,5.45773628,-0.010160467,23.95080178,-0.816103872,7.959982853,NA,0,0,0,"latam"
"Mexico",1976,4.142508919,0.000373114,19.37531346,4.820318497,-11.71623231,NA,1,0,0,"latam"
"Mexico",1977,3.386486544,-0.005099683,88.01242716,4.411991747,-5.350523312,NA,0,0,0,"latam"
"Mexico",1978,7.932899797,-0.008286878,27.81042892,4.704603941,1.874685703,NA,0,0,0,"latam"
"Mexico",1979,8.761981198,-0.009257271,29.94238903,2.488028488,14.55291245,12.4,0,0,0,"latam"
"Mexico",1980,7.996351969,-0.043343653,32.93597319,-0.538743241,27.96442124,11.6,0,0,0,"latam"
"Mexico",1981,8.197149686,-0.078812692,39.7267381,1.750816024,0.124546114,11.3,0,1,1,"latam"
"Mexico",1982,-0.558157149,-0.016105581,70.01779102,-2.178058416,-20.56696174,16.3,1,1,0,"latam"
"Mexico",1983,-3.523635762,-0.022889599,44.6193684,3.816867932,-4.474124805,20.2,0,1,0,"latam"
"Mexico",1984,3.357264475,-0.03074118,41.2812242,6.007939716,-4.593720905,19.4,0,1,0,"latam"
"Mexico",1985,2.179275265,-0.085800957,36.3683662,3.115946019,-35.4138699,17.2,1,1,0,"latam"
"Mexico",1986,-3.166986591,-0.088656154,66.30983318,2.87147774,-40.30317113,20.5,0,1,0,"latam"
"Mexico",1987,1.72227992,-0.024926436,67.03018421,3.031145771,-13.41420871,23.6,0,1,0,"latam"
"Mexico",1988,1.276730076,0.022326358,57.70154767,3.857432698,-4.903001051,20.1,0,1,0,"latam"
"Mexico",1989,4.112557503,0.008327266,40.14639402,2.501006818,-0.420260351,19,0,1,0,"latam"
"Mexico",1990,4.944045785,0.018380695,35.2291697,0.811074829,10.33969192,18.6,0,1,0,"latam"
"Mexico",1991,4.13555031,0.015949931,31.98617911,-0.977278037,18.59287975,16.4,0,1,0,"latam"
"Mexico",1992,3.564376991,-0.009395827,24.61054938,2.68448554,25.72683743,15.3,0,0,0,"latam"
"Mexico",1993,1.931742799,-0.009916495,12.39800311,2.207845966,18.16156663,15.2,0,0,0,"latam"
"Mexico",1994,4.320616115,-0.002642488,23.86895338,3.462343528,-18.38152187,16.9,1,0,0,"latam"
"Mexico",1995,-6.365346836,0.001318828,22.17444798,1.99844809,-3.516237836,31.2,1,1,1,"latam"
"Mexico",1996,5.047521682,-0.009943149,4.425353892,3.679556467,13.15984664,32.4,0,1,0,"latam"
"Mexico",1997,6.74570344,NA,NA,3.856177038,NA,30.2,0,1,0,"latam"
"Panama",1970,0,0.014586336,NA,0,NA,NA,NA,NA,0,"latam"
"Panama",1971,9.181442981,-0.057961894,27.17883772,3.054509511,NA,NA,NA,NA,0,"latam"
"Panama",1972,4.480904642,0.010130651,28.33120728,4.677906002,NA,NA,NA,NA,0,"latam"
"Panama",1973,5.225380487,-0.017169458,24.10264898,5.067193569,-2.47002241,NA,NA,NA,0,"latam"
"Panama",1974,2.418826636,-0.016351586,34.89475621,-0.629153325,-2.993720302,NA,NA,NA,0,"latam"
"Panama",1975,1.72593815,-0.027194193,14.302531,-0.816103872,-1.702096486,NA,0,0,0,"latam"
"Panama",1976,1.650762108,0.04043869,7.210695342,4.820318497,-2.753695559,NA,0,0,0,"latam"
"Panama",1977,1.088085373,-0.016554536,3.771857396,4.411991747,-7.368231873,NA,0,0,0,"latam"
"Panama",1978,9.342332405,-0.075780301,0.495252243,4.704603941,-6.893029744,NA,0,0,0,"latam"
"Panama",1979,4.415803069,0.049142406,21.36053674,2.488028488,-1.804771566,NA,0,0,0,"latam"
"Panama",1980,13.55408684,-0.034319497,16.97080367,-0.538743241,3.111356154,NA,0,0,0,"latam"
"Panama",1981,8.54712623,-0.035016325,20.103487,1.750816024,6.376887109,NA,0,0,0,"latam"
"Panama",1982,3.780403692,0.047313426,6.364479785,-2.178058416,8.602262959,NA,0,0,0,"latam"
"Panama",1983,-1.535410753,-0.014378528,4.399653815,3.816867932,10.63032924,NA,0,0,0,"latam"
"Panama",1984,2.129863132,0.034246575,6.870692254,6.007939716,11.03438916,NA,0,0,0,"latam"
"Panama",1985,14.29126764,-0.011703511,2.664594336,3.115946019,5.037225032,NA,0,0,0,"latam"
"Panama",1986,3.505617289,-0.001276981,9.279506123,2.87147774,1.240377087,NA,0,0,0,"latam"
"Panama",1987,-1.825618058,0.02457688,-1.126713709,3.031145771,-0.012138767,NA,0,0,0,"latam"
"Panama",1988,-14.36376537,-0.005237852,-16.87126439,3.857432698,0.371497473,NA,0,1,0,"latam"
"Panama",1989,1.55016866,0.05542799,-0.704184377,2.501006818,-3.052464563,NA,0,1,0,"latam"
"Panama",1990,7.787722672,0.02517844,-13.27589108,0.811074829,-3.189936016,NA,0,0,0,"latam"
"Panama",1991,9.001443094,0.00200259,8.595588949,-0.977278037,-3.7351565,NA,0,0,0,"latam"
"Panama",1992,7.882670286,-0.005032609,18.71860636,2.68448554,-3.878117487,NA,0,0,0,"latam"
"Panama",1993,5.312118864,-0.017934031,14.62289948,2.207845966,-3.760031352,NA,0,0,0,"latam"
"Panama",1994,2.810286711,0.01068795,11.76257566,3.462343528,-5.840577702,NA,0,0,0,"latam"
"Panama",1995,1.736512443,NA,10.49205143,1.99844809,-1.250886643,NA,0,0,0,"latam"
"Panama",1996,2.394465561,NA,14.26696495,3.679556467,4.300552758,NA,0,0,0,"latam"
"Panama",1997,4.323739011,NA,NA,3.856177038,NA,NA,0,0,0,"latam"
"Uruguay",1970,0,-0.046952909,NA,0,18.69809321,NA,NA,NA,0,"latam"
"Uruguay",1971,-1.02564893,0.009017713,47.14625664,3.054509511,-10.51921306,NA,NA,NA,0,"latam"
"Uruguay",1972,-1.565026573,0,66.19398234,4.677906002,-11.25062112,NA,NA,NA,0,"latam"
"Uruguay",1973,0.36424157,-0.031456225,43.45332247,5.067193569,4.883313122,NA,NA,NA,0,"latam"
"Uruguay",1974,3.094817419,-0.022654911,69.76411537,-0.629153325,-8.363962056,NA,NA,NA,0,"latam"
"Uruguay",1975,5.698150498,0.007675265,81.43297226,-0.816103872,-9.527045752,NA,0,0,0,"latam"
"Uruguay",1976,3.90761198,-0.000100427,46.86718665,4.820318497,-8.143514072,NA,0,0,0,"latam"
"Uruguay",1977,1.167281522,-0.000517297,50.16602231,4.411991747,-12.83797146,NA,0,0,0,"latam"
"Uruguay",1978,5.127627886,0.004841649,52.00012755,4.704603941,0.374707029,17.9,0,0,0,"latam"
"Uruguay",1979,5.985979224,0.000336211,69.04218168,2.488028488,29.54778674,16.3,0,0,0,"latam"
"Uruguay",1980,5.826085947,-0.015230333,54.68674432,-0.538743241,48.62262507,15.1,0,0,0,"latam"
"Uruguay",1981,1.881183647,-0.07629607,35.09079586,1.750816024,36.7026736,15,0,1,1,"latam"
"Uruguay",1982,-9.861994936,0.024977195,85.40655763,-2.178058416,-8.608691757,16.6,1,1,0,"latam"
"Uruguay",1983,-6.031155926,-0.02964945,29.68883488,3.816867932,-12.2879942,28.3,1,1,0,"latam"
"Uruguay",1984,-1.100550805,0.007641038,46.66494433,6.007939716,-19.18946955,26.7,0,1,0,"latam"
"Uruguay",1985,1.464725031,0.006086468,50.43023651,3.115946019,-22.8835168,26.6,0,0,0,"latam"
"Uruguay",1986,8.484594741,-0.004763166,41.93545629,2.87147774,-27.44826553,25.8,0,0,0,"latam"
"Uruguay",1987,7.637144488,-0.011544671,37.89027972,3.031145771,-28.9928076,21.7,0,0,0,"latam"
"Uruguay",1988,-0.009669285,-0.020744736,57.97609667,3.857432698,-21.25430325,23.1,0,0,0,"latam"
"Uruguay",1989,1.277819614,0.018601799,55.73676725,2.501006818,-25.90966771,25.4,0,0,0,"latam"
"Uruguay",1990,0.879178493,0.007300962,65.11115379,0.811074829,-11.00098617,25.8,0,0,0,"latam"
"Uruguay",1991,3.162156623,0.001059443,41.92018348,-0.977278037,-7.222145582,21.9,0,0,0,"latam"
"Uruguay",1992,7.580916809,-0.009648986,49.64705081,2.68448554,8.73318453,22.2,0,0,0,"latam"
"Uruguay",1993,2.951921303,-0.024405928,36.86459181,2.207845966,17.027426,20,0,0,0,"latam"
"Uruguay",1994,6.152468284,0.007340362,35.23181945,3.462343528,18.47112403,20,0,0,0,"latam"
"Uruguay",1995,-1.773146817,-0.005982329,37.71724449,1.99844809,24.40529642,19.4,0,0,0,"latam"
"Uruguay",1996,5.145323764,NA,26.08074543,3.679556467,33.93628238,20.1,0,0,0,"latam"
"Uruguay",1997,4.932767206,NA,NA,3.856177038,NA,21.2,0,0,0,"latam"
"Venezuela",1970,0,0.016196447,NA,0,-9.236714937,23.6,NA,NA,0,"latam"
"Venezuela",1971,2.979522617,-0.006471545,4.816694494,3.054509511,-7.721432269,25.6,NA,NA,0,"latam"
"Venezuela",1972,2.689394093,0.018075085,17.67009356,4.677906002,-11.40329897,24,NA,NA,0,"latam"
"Venezuela",1973,6.065737493,0.034055065,17.27056087,5.067193569,-10.56666624,29.7,NA,NA,0,"latam"
"Venezuela",1974,5.883551646,-0.025952583,13.4112182,-0.629153325,-6.843702261,44.3,NA,NA,0,"latam"
"Venezuela",1975,5.898635053,-0.04369356,47.81728481,-0.816103872,-1.50820849,33.9,0,0,0,"latam"
"Venezuela",1976,8.407058838,-0.017693148,26.86711181,4.820318497,0.529247917,30.7,0,0,0,"latam"
"Venezuela",1977,6.50557003,-0.000887259,22.84051116,4.411991747,-1.439938917,28,0,0,0,"latam"
"Venezuela",1978,2.11704104,0.052272071,22.64884708,4.704603941,2.676422065,24.9,0,1,0,"latam"
"Venezuela",1979,1.326590713,-0.01516129,3.153530191,2.488028488,15.29103163,30.9,0,1,0,"latam"
"Venezuela",1980,-2.009721341,-0.014063322,25.21067053,-0.538743241,30.65115231,33.7,0,1,0,"latam"
"Venezuela",1981,-0.303654479,-0.030116387,15.57906955,1.750816024,39.68556617,31.5,0,1,0,"latam"
"Venezuela",1982,0.672074939,0.02853012,19.14906548,-2.178058416,46.70285102,25.9,0,1,0,"latam"
"Venezuela",1983,-5.771482281,0.044184843,6.916898993,3.816867932,7.284964487,23.4,0,1,0,"latam"
"Venezuela",1984,-1.372953972,0.022408302,14.51452028,6.007939716,14.35159129,29,1,1,0,"latam"
"Venezuela",1985,1.414466996,-0.068219779,6.745060354,3.115946019,10.98811235,25.5,0,1,0,"latam"
"Venezuela",1986,6.144620428,-0.03169522,28.09547434,2.87147774,-29.12868876,15.6,1,1,0,"latam"
"Venezuela",1987,4.412086359,-0.011764706,27.20004727,3.031145771,-4.424004719,24.4,0,0,0,"latam"
"Venezuela",1988,5.989509125,0.027262814,41.81882959,3.857432698,-27.60131817,18.3,0,0,0,"latam"
"Venezuela",1989,-8.155577315,0.000965226,18.00885801,2.501006818,-29.93020495,32.7,1,0,0,"latam"
"Venezuela",1990,6.64916805,0.01955562,50.24510664,0.811074829,-20.68096904,38.7,0,0,0,"latam"
"Venezuela",1991,9.285157824,-0.045625297,10.9946371,-0.977278037,-14.34391268,30.7,0,0,0,"latam"
"Venezuela",1992,5.884105065,0.000568401,34.71855134,2.68448554,-10.05856399,25.7,0,0,0,"latam"
"Venezuela",1993,0.274473197,-0.041578436,23.71856939,2.207845966,-14.87960907,26.8,0,0,0,"latam"
"Venezuela",1994,-2.37663881,-0.000592875,66.92399376,3.462343528,12.08075376,30.3,1,1,1,"latam"
"Venezuela",1995,3.591018469,0.025994587,53.32876596,1.99844809,-1.423005378,26.9,1,1,0,"latam"
"Venezuela",1996,-0.434556398,NA,17.27875507,3.679556467,30.84418942,36,1,1,0,"latam"
"Venezuela",1997,4.930047376,NA,NA,3.856177038,NA,28.7,0,1,0,"latam"
"Trinitad and Tobago",1970,0,-0.051101072,NA,0,-7.626010052,NA,NA,NA,0,"latam"
"Trinitad and Tobago",1971,1.034354052,0.008887821,17.31156527,3.054509511,-5.073361229,NA,NA,NA,0,"latam"
"Trinitad and Tobago",1972,5.619455635,NA,33.72788135,4.677906002,-4.38067143,NA,NA,NA,0,"latam"
"Trinitad and Tobago",1973,1.642851943,NA,20.51685595,5.067193569,-0.35012324,NA,NA,NA,0,"latam"
"Trinitad and Tobago",1974,3.736905072,NA,-79.50615689,-0.629153325,-1.299343296,NA,NA,NA,0,"latam"
"Trinitad and Tobago",1975,1.467149087,NA,NA,-0.816103872,-7.501485574,52.8,0,0,0,"latam"
"Trinitad and Tobago",1976,6.208374138,0.039799278,54.18180707,4.820318497,-4.074470656,55.6,0,0,0,"latam"
"Trinitad and Tobago",1977,8.72944017,-0.058260036,108.8288316,4.411991747,-5.420082134,49.3,0,0,0,"latam"
"Trinitad and Tobago",1978,9.545998845,-0.032826957,-8.441054259,4.704603941,-2.938049406,43.9,0,0,0,"latam"
"Trinitad and Tobago",1979,3.536104955,0.077949499,-19.77300385,2.488028488,1.805600537,44.9,0,0,0,"latam"
"Trinitad and Tobago",1980,9.885670005,-0.034055238,65.37040345,-0.538743241,9.925468835,50.3,0,0,0,"latam"
"Trinitad and Tobago",1981,4.475546391,-0.150843524,-12.29452037,1.750816024,16.31125258,45.9,0,0,0,"latam"
"Trinitad and Tobago",1982,3.956590711,0.006982061,NA,-2.178058416,27.62296985,34.9,0,1,0,"latam"
"Trinitad and Tobago",1983,-9.654833173,0.030099706,97.35656742,3.816867932,37.46331178,30.1,0,1,0,"latam"
"Trinitad and Tobago",1984,-6.438564427,0.040855062,26.29506002,6.007939716,37.08670051,31.5,0,1,0,"latam"
"Trinitad and Tobago",1985,-4.220979508,-0.005498357,1.707519644,3.115946019,0.431660829,32.6,1,1,0,"latam"
"Trinitad and Tobago",1986,-3.334833445,1.73693e-05,23.13965224,2.87147774,3.384496491,34.4,0,1,0,"latam"
"Trinitad and Tobago",1987,-4.66957653,0.001637296,14.92367612,3.031145771,-0.508186909,33.8,0,1,0,"latam"
"Trinitad and Tobago",1988,-3.996457296,0.014918712,3.454364904,3.857432698,-2.303855037,38.7,1,1,0,"latam"
"Trinitad and Tobago",1989,-0.830147888,NA,3.952805567,2.501006818,0.593138903,42.4,0,1,0,"latam"
"Trinitad and Tobago",1990,1.495535157,NA,0.793780405,0.811074829,0.397063939,45.2,0,1,0,"latam"
"Trinitad and Tobago",1991,2.647722669,NA,10.14346969,-0.977278037,1.545221587,41.1,0,1,0,"latam"
"Trinitad and Tobago",1992,-1.66093642,NA,2.233544919,2.68448554,-13.93004558,39.4,0,1,0,"latam"
"Trinitad and Tobago",1993,-1.464547515,0.003508021,-1.426604318,2.207845966,-19.26557318,40.5,1,1,0,"latam"
"Trinitad and Tobago",1994,3.505631146,-0.001795162,-13.97122334,3.462343528,-20.62928814,43,0,0,0,"latam"
"Trinitad and Tobago",1995,2.373240805,NA,18.47598616,1.99844809,-18.84477612,52.7,0,0,0,"latam"
"Trinitad and Tobago",1996,3.02601259,NA,14.86933279,3.679556467,-18.40231417,NA,0,0,0,"latam"
"Trinitad and Tobago",1997,NA,NA,NA,3.856177038,NA,NA,0,0,0,"latam"
"Cyprus",1970,0,-0.004221797,NA,0,-0.335733088,NA,NA,NA,0,"other"
"Cyprus",1971,12.19142293,-0.017271809,15.23347847,3.054509511,3.702948672,NA,NA,NA,0,"other"
"Cyprus",1972,6.552750346,-0.022212792,32.21645495,4.677906002,1.905655588,NA,NA,NA,0,"other"
"Cyprus",1973,2.52148176,-0.028759025,31.2247635,5.067193569,6.499774972,NA,NA,NA,0,"other"
"Cyprus",1974,-18.52965233,0.002023346,32.67471817,-0.629153325,2.614357237,NA,NA,NA,0,"other"
"Cyprus",1975,-21.08156594,-0.013536987,12.82658787,-0.816103872,-5.349252745,NA,0,0,0,"other"
"Cyprus",1976,16.52853742,0.028811156,15.5286649,4.820318497,-6.758617853,NA,0,0,0,"other"
"Cyprus",1977,14.64647374,-0.031846004,16.50538413,4.411991747,-6.606423958,NA,0,0,0,"other"
"Cyprus",1978,7.366069656,-0.020323911,18.5365059,4.704603941,-2.31074967,NA,0,0,0,"other"
"Cyprus",1979,9.414081526,-0.037309311,22.65453796,2.488028488,6.320680614,NA,0,0,0,"other"
"Cyprus",1980,5.751432773,0.026552511,16.87340615,-0.538743241,11.45120014,NA,0,0,0,"other"
"Cyprus",1981,3.005407005,-0.001687971,15.73918911,1.750816024,8.336737135,NA,0,0,0,"other"
"Cyprus",1982,6.089484231,-0.054235945,12.36706095,-2.178058416,5.072651264,NA,0,0,0,"other"
"Cyprus",1983,5.171346289,0.029235831,12.81883932,3.816867932,6.572545933,NA,0,0,0,"other"
"Cyprus",1984,8.468062189,-0.005039806,13.10920621,6.007939716,8.691908967,NA,0,0,0,"other"
"Cyprus",1985,4.636763537,0.018359692,14.91227635,3.115946019,-0.252947261,NA,0,0,0,"other"
"Cyprus",1986,3.519833683,-0.030660828,8.100483766,2.87147774,-6.485435117,NA,0,0,0,"other"
"Cyprus",1987,6.895380099,0.005179683,17.1758926,3.031145771,-3.387349704,NA,0,0,0,"other"
"Cyprus",1988,7.988838399,0.012166475,19.31094976,3.857432698,-1.834262033,NA,0,0,0,"other"
"Cyprus",1989,7.777346917,-0.02753515,4.060351642,2.501006818,-3.034723839,NA,0,0,0,"other"
"Cyprus",1990,7.143390735,-0.017314091,23.37346689,0.811074829,-0.90135264,NA,0,0,0,"other"
"Cyprus",1991,0.697955285,0.011224983,14.62911077,-0.977278037,-0.928368964,NA,0,0,0,"other"
"Cyprus",1992,8.983416257,0.021297258,20.47650191,2.68448554,-6.403987841,NA,0,0,0,"other"
"Cyprus",1993,0.697259033,0.007117213,14.24482804,2.207845966,-5.203709793,NA,0,0,0,"other"
"Cyprus",1994,5.636646748,0.003005533,10.3958347,3.462343528,-6.228935239,NA,0,0,0,"other"
"Cyprus",1995,5.354773068,NA,13.78068652,1.99844809,-1.058833593,NA,0,0,0,"other"
"Cyprus",1996,1.881325822,NA,12.83660331,3.679556467,3.94671016,NA,0,0,0,"other"
"Cyprus",1997,NA,NA,NA,3.856177038,NA,NA,0,0,0,"other"
"Jordan",1970,0,-0.000309465,NA,0,NA,NA,NA,NA,0,"other"
"Jordan",1971,1.445054433,0.147357966,32.46057412,3.054509511,NA,NA,NA,NA,0,"other"
"Jordan",1972,3.729501519,-0.170022621,4.367827155,4.677906002,NA,16,NA,NA,0,"other"
"Jordan",1973,-5.548980408,0.026531292,31.72546516,5.067193569,NA,21,NA,NA,0,"other"
"Jordan",1974,-5.33216422,0.000791348,21.87087913,-0.629153325,NA,27.1,NA,NA,0,"other"
"Jordan",1975,11.90317788,-0.130013669,22.3543625,-0.816103872,-27.34925733,32,NA,0,0,"other"
"Jordan",1976,19.24689419,0.032548831,45.25872784,4.820318497,-21.3078541,35.7,0,0,0,"other"
"Jordan",1977,6.208583266,-0.064748014,13.86916434,4.411991747,-18.29009978,36.4,0,0,0,"other"
"Jordan",1978,13.83850951,0.007358408,43.33464933,4.704603941,-9.103413693,34.6,0,0,0,"other"
"Jordan",1979,4.386294932,0.000121612,24.99380278,2.488028488,0.040289412,37.2,0,0,0,"other"
"Jordan",1980,16.23351144,0.002214902,19.98493011,-0.538743241,12.17980669,40.8,0,0,0,"other"
"Jordan",1981,9.388873858,-0.007189466,28.20067082,1.750816024,16.93744064,43.8,0,0,0,"other"
"Jordan",1982,5.43292265,0.024492809,27.36691991,-2.178058416,19.89316559,38.6,0,0,0,"other"
"Jordan",1983,2.468437269,-0.037236298,15.75592706,3.816867932,25.27394334,33.8,1,0,0,"other"
"Jordan",1984,1.409576916,0.014973765,15.44741355,6.007939716,28.25342881,36.5,0,0,0,"other"
"Jordan",1985,3.982618533,-0.019130153,9.334427217,3.115946019,22.0674447,38.2,0,0,0,"other"
"Jordan",1986,6.779093824,-0.02041112,5.067418014,2.87147774,13.91667902,29,0,0,0,"other"
"Jordan",1987,2.854468941,-0.002808691,17.78445611,3.031145771,5.28243489,34.1,1,0,0,"other"
"Jordan",1988,-1.874047214,0.028443152,18.55938074,3.857432698,-6.402892332,40.1,1,0,0,"other"
"Jordan",1989,-14.4426505,0.015995203,5.296149699,2.501006818,-13.90990691,56.9,1,1,1,"other"
"Jordan",1990,0.969039387,0.037420755,5.404079063,0.811074829,-8.021628818,62.5,0,1,0,"other"
"Jordan",1991,1.807465592,0.048262239,-6.18517737,-0.977278037,-9.763170075,59.2,0,0,0,"other"
"Jordan",1992,14.90640772,-0.029276376,15.47588272,2.68448554,-6.757298581,51.9,1,0,0,"other"
"Jordan",1993,5.44102635,0.008402161,3.176859085,2.207845966,-6.240805708,51.4,0,0,0,"other"
"Jordan",1994,7.832262808,-0.019292743,11.31467187,3.462343528,-12.61843637,49.5,0,0,0,"other"
"Jordan",1995,6.709089038,0.011793965,9.374658226,1.99844809,-0.546946093,52.7,0,0,0,"other"
"Jordan",1996,5.100276002,NA,0.61297176,3.679556467,13.51986255,54.5,0,0,0,"other"
"Jordan",1997,NA,NA,NA,3.856177038,NA,50.7,0,0,0,"other"
"China",1970,0,NA,NA,0,-5.895332865,NA,NA,NA,0,"asia"
"China",1971,7.046492366,NA,NA,3.054509511,-2.865071937,NA,NA,NA,0,"asia"
"China",1972,10.43553904,NA,NA,4.677906002,7.632303156,NA,NA,NA,0,"asia"
"China",1973,11.95588734,NA,NA,5.067193569,14.37049094,NA,NA,NA,0,"asia"
"China",1974,2.176025138,NA,NA,-0.629153325,10.27801901,NA,NA,NA,0,"asia"
"China",1975,0.199518036,NA,NA,-0.816103872,10.59253987,NA,NA,0,0,"asia"
"China",1976,15.78566394,NA,NA,4.820318497,10.02201528,NA,NA,0,0,"asia"
"China",1977,11.77941555,NA,NA,4.411991747,-1.388212329,NA,NA,0,0,"asia"
"China",1978,9.070217116,NA,NA,4.704603941,-4.075833102,NA,NA,0,0,"asia"
"China",1979,11.26107411,NA,NA,2.488028488,2.366349915,NA,NA,0,0,"asia"
"China",1980,9.867682929,NA,NA,-0.538743241,3.55842433,NA,NA,0,0,"asia"
"China",1981,8.952756127,NA,NA,1.750816024,5.644579331,NA,NA,0,0,"asia"
"China",1982,2.62265639,NA,NA,-2.178058416,-4.510201182,NA,NA,1,0,"asia"
"China",1983,6.125264615,NA,NA,3.816867932,-3.147173108,NA,NA,1,0,"asia"
"China",1984,9.337051012,NA,NA,6.007939716,-2.248961758,NA,NA,1,0,"asia"
"China",1985,0.190628197,NA,NA,3.115946019,-17.50414547,NA,NA,1,0,"asia"
"China",1986,10.51834092,NA,NA,2.87147774,-24.01906766,NA,NA,1,0,"asia"
"China",1987,12.182179,NA,NA,3.031145771,-22.48927297,NA,NA,0,0,"asia"
"China",1988,7.666609208,NA,NA,3.857432698,-12.17053949,NA,NA,0,0,"asia"
"China",1989,2.528467448,NA,NA,2.501006818,-9.786026371,NA,NA,0,0,"asia"
"China",1990,3.348024626,NA,NA,0.811074829,-3.224901156,NA,NA,0,0,"asia"
"China",1991,4.934512389,NA,NA,-0.977278037,-0.83215833,NA,NA,0,0,"asia"
"China",1992,6.074764064,NA,9.126289566,2.68448554,2.466998472,NA,NA,0,0,"asia"
"China",1993,5.950866718,NA,19.02887874,2.207845966,4.625432548,NA,NA,0,0,"asia"
"China",1994,5.260751265,NA,22.30859675,3.462343528,4.87583101,NA,NA,0,0,"asia"
"China",1995,3.819688283,NA,8.24838429,1.99844809,16.64196034,NA,NA,0,0,"asia"
"China",1996,4.472001717,NA,16.56443194,3.679556467,28.31770886,NA,NA,0,0,"asia"
"China",1997,5.143030423,NA,NA,3.856177038,NA,NA,0,0,0,"asia"
"Indonesia",1970,0,0.002668845,NA,0,-58.46002424,NA,NA,NA,0,"asia"
"Indonesia",1971,6.77146172,-0.005609115,31.31486789,3.054509511,-56.72644005,NA,NA,NA,0,"asia"
"Indonesia",1972,9.005468692,-0.006811384,20.24275476,4.677906002,-36.55405215,NA,NA,NA,0,"asia"
"Indonesia",1973,10.71488734,-0.000466941,53.97860783,5.067193569,-3.430899873,NA,NA,NA,0,"asia"
"Indonesia",1974,7.357264171,-0.023729484,24.53626406,-0.629153325,13.8493442,NA,NA,NA,0,"asia"
"Indonesia",1975,4.857396815,-0.014547382,70.28264101,-0.816103872,33.81808674,NA,0,0,0,"asia"
"Indonesia",1976,6.659794314,0.015780587,15.80673663,4.820318497,38.3884576,NA,0,0,0,"asia"
"Indonesia",1977,8.398562449,-0.015870922,0.486175373,4.411991747,23.02008997,NA,0,0,0,"asia"
"Indonesia",1978,7.549114397,-0.000312252,31.53349816,4.704603941,8.472032275,NA,1,0,0,"asia"
"Indonesia",1979,6.067317407,-0.007437447,2.057415535,2.488028488,24.34319313,NA,0,0,0,"asia"
"Indonesia",1980,9.421942975,-0.001204255,15.11112797,-0.538743241,38.05768677,NA,0,0,0,"asia"
"Indonesia",1981,7.628633638,-0.000304118,7.01136211,1.750816024,51.7016674,25.9,0,0,0,"asia"
"Indonesia",1982,2.221584208,-0.008644345,38.15414386,-2.178058416,32.73220357,21.4,0,0,0,"asia"
"Indonesia",1983,4.107446166,0.034277132,27.18716081,3.816867932,34.39872676,22.5,1,0,0,"asia"
"Indonesia",1984,6.742246469,-0.022021015,7.892185426,6.007939716,32.49826426,24.3,0,0,0,"asia"
"Indonesia",1985,2.432923669,-0.024146996,21.14780371,3.115946019,2.221041308,21.9,0,0,0,"asia"
"Indonesia",1986,5.709377045,0.020088626,31.74722317,2.87147774,-21.5194173,17.7,1,0,0,"asia"
"Indonesia",1987,4.808104139,-0.02243047,34.62269242,3.031145771,-20.4980366,23.3,0,0,0,"asia"
"Indonesia",1988,5.618984327,0.00571244,35.12813794,3.857432698,-12.28498525,23.6,0,0,0,"asia"
"Indonesia",1989,7.192444978,0.019728169,39.41504514,2.501006818,-8.347562469,24.5,0,0,0,"asia"
"Indonesia",1990,6.991270022,0.000736091,45.95877718,0.811074829,-8.574192727,25.6,0,0,0,"asia"
"Indonesia",1991,6.719463281,-0.007358487,17.29308655,-0.977278037,-8.944756424,25.3,0,0,0,"asia"
"Indonesia",1992,6.25966095,0.009442773,13.1549201,2.68448554,-8.565303887,26.7,0,0,0,"asia"
"Indonesia",1993,6.293884213,0.004089268,19.09997296,2.207845966,-7.836636707,25.7,0,0,0,"asia"
"Indonesia",1994,7.269236285,0.01430979,20.62955119,3.462343528,-7.700237324,25.5,0,1,0,"asia"
"Indonesia",1995,7.899470668,-0.00733153,19.60388268,1.99844809,9.087757476,26.2,0,0,0,"asia"
"Indonesia",1996,7.677680059,NA,20.45935934,3.679556467,3.204681641,25,0,0,0,"asia"
"Indonesia",1997,4.544094098,NA,NA,3.856177038,NA,29.5,1,1,1,"asia"
"Korea",1970,0,0.003107796,NA,0,2.517970506,NA,NA,NA,0,"asia"
"Korea",1971,8.796596141,-0.036143422,25.31563837,3.054509511,-3.662903503,NA,NA,NA,0,"asia"
"Korea",1972,5.775552111,0.024817653,25.51969455,4.677906002,-13.99889734,NA,NA,NA,0,"asia"
"Korea",1973,13.47237193,-0.018180137,25.9350526,5.067193569,-3.266094092,NA,NA,NA,0,"asia"
"Korea",1974,7.614946855,-0.003658095,42.25742038,-0.629153325,-6.278115542,NA,NA,NA,0,"asia"
"Korea",1975,6.887706111,0.000671635,28.15435688,-0.816103872,2.87260503,NA,0,0,0,"asia"
"Korea",1976,12.12590878,-0.006844048,20.48154334,4.820318497,3.194637688,32.3,0,0,0,"asia"
"Korea",1977,9.597137805,0.000657703,21.4772036,4.411991747,0.117038762,34.4,0,0,0,"asia"
"Korea",1978,9.268342839,-0.007821703,37.42817906,4.704603941,11.5056575,33.4,0,0,0,"asia"
"Korea",1979,7.314238442,-0.007991357,30.50347186,2.488028488,5.434666868,29.5,0,0,0,"asia"
"Korea",1980,-2.183836548,-0.015500611,34.05878019,-0.538743241,11.52251894,31.6,1,0,0,"asia"
"Korea",1981,6.50026273,-0.001304121,27.04553679,1.750816024,12.56222241,34.2,0,0,0,"asia"
"Korea",1982,7.046016817,0.015468013,22.40304234,-2.178058416,7.413070996,33,0,0,0,"asia"
"Korea",1983,11.13260847,-0.002418314,14.82924336,3.816867932,5.211665837,32.8,0,0,0,"asia"
"Korea",1984,9.657100458,-0.001242963,12.29161572,6.007939716,-2.985093931,33.4,0,0,0,"asia"
"Korea",1985,6.041827465,0.008951701,16.32837704,3.115946019,-19.04876503,32.3,0,0,0,"asia"
"Korea",1986,10.93460954,0.005029876,13.60701851,2.87147774,-19.12703982,36.3,0,0,0,"asia"
"Korea",1987,10.90182462,0.011499692,15.11787653,3.031145771,-6.494209417,39.2,0,0,0,"asia"
"Korea",1988,10.68100166,-0.011557671,10.96606494,3.857432698,8.267182509,37.6,0,0,0,"asia"
"Korea",1989,6.188838129,-0.008310172,20.54826734,2.501006818,6.609657043,31.9,0,0,0,"asia"
"Korea",1990,9.083095123,-0.010601018,22.16703388,0.811074829,6.523870669,28.9,0,0,0,"asia"
"Korea",1991,8.739562077,0.009592665,20.20716175,-0.977278037,0.164406786,27.4,0,0,0,"asia"
"Korea",1992,4.94082508,0.010825541,11.02295176,2.68448554,-4.43262631,28.2,0,0,0,"asia"
"Korea",1993,5.591704865,-0.002353172,11.99621568,2.207845966,-3.809965182,28.6,0,0,0,"asia"
"Korea",1994,8.231038278,0.000144897,16.86020868,3.462343528,-2.372270145,29.3,0,0,0,"asia"
"Korea",1995,8.559984606,0.001867562,13.72349117,1.99844809,4.445979008,32.3,0,0,0,"asia"
"Korea",1996,6.826069697,-0.001691264,17.69786358,3.679556467,-5.355802981,31.7,0,0,0,"asia"
"Korea",1997,5.365745054,NA,NA,3.856177038,NA,37.3,1,1,1,"asia"
"Malaysia",1970,0,-0.044384408,NA,0,-12.24407657,NA,NA,NA,0,"asia"
"Malaysia",1971,6.847790213,-0.02257384,17.65088046,3.054509511,-9.765003304,NA,NA,NA,0,"asia"
"Malaysia",1972,8.973508273,0.017198099,24.04669285,4.677906002,-0.23429971,NA,NA,NA,0,"asia"
"Malaysia",1973,11.0656195,-0.014524455,40.05079886,5.067193569,9.010048483,NA,NA,NA,0,"asia"
"Malaysia",1974,7.990725618,-0.023284972,19.11311932,-0.629153325,6.177186713,48.1,NA,NA,0,"asia"
"Malaysia",1975,0.797878035,0.006978814,16.96950755,-0.816103872,0.631173134,45.4,0,0,0,"asia"
"Malaysia",1976,10.9423656,-0.023840445,15.24856493,4.820318497,-0.722515976,51.5,0,0,0,"asia"
"Malaysia",1977,7.467192579,0.005991659,16.81925765,4.411991747,-5.838337133,50.1,0,0,0,"asia"
"Malaysia",1978,6.441875974,0.015379976,21.63824566,4.704603941,-0.590171854,49,0,0,0,"asia"
"Malaysia",1979,8.937532052,-0.040688077,9.773098163,2.488028488,1.364024698,55.9,0,0,0,"asia"
"Malaysia",1980,7.180184232,-0.092184056,47.30160505,-0.538743241,7.141319145,57.6,0,0,0,"asia"
"Malaysia",1981,6.711595375,-0.022467601,30.03781138,1.750816024,15.82526126,52.3,0,0,0,"asia"
"Malaysia",1982,5.771146378,0.049870605,19.51816795,-2.178058416,19.84066661,50.9,0,0,0,"asia"
"Malaysia",1983,6.06269515,0.027127593,14.89039035,3.816867932,25.17064613,52,0,0,0,"asia"
"Malaysia",1984,7.475429832,0.004745509,16.96158601,6.007939716,19.68731731,54.4,0,0,0,"asia"
"Malaysia",1985,-1.028810387,-0.04328575,5.662633458,3.115946019,-2.775909669,55,0,1,1,"asia"
"Malaysia",1986,1.044396658,0.016992151,8.547401707,2.87147774,-8.90710532,56.4,1,1,0,"asia"
"Malaysia",1987,5.250208826,0.031509669,3.849195088,3.031145771,-15.1905415,63.8,0,1,0,"asia"
"Malaysia",1988,8.432689114,-0.001171292,5.149030954,3.857432698,-11.08566937,67.3,0,1,0,"asia"
"Malaysia",1989,8.7830315,-0.00023336,18.15687123,2.501006818,-11.53289319,73.1,0,0,0,"asia"
"Malaysia",1990,9.282111495,0.006020501,16.53039911,0.811074829,-11.96959675,76.4,0,0,0,"asia"
"Malaysia",1991,8.24745919,0.009405064,16.97295642,-0.977278037,-4.19745912,79.1,0,0,0,"asia"
"Malaysia",1992,7.50792745,0.009666719,15.35189552,2.68448554,-6.26728549,77.2,0,0,0,"asia"
"Malaysia",1993,8.016363536,0.021306116,11.62707191,2.207845966,-6.169448913,82,0,0,0,"asia"
"Malaysia",1994,8.894092394,-0.011647635,13.83816182,3.462343528,-3.669045469,91.3,0,0,0,"asia"
"Malaysia",1995,8.949367608,-0.000184367,25.86068727,1.99844809,9.492612741,95.5,0,0,0,"asia"
"Malaysia",1996,8.254414749,0.017474861,24.2057738,3.679556467,8.24085777,92.1,0,0,0,"asia"
"Malaysia",1997,7.42091165,NA,NA,3.856177038,NA,94.9,1,1,1,"asia"
"Philippines",1970,0,-0.004828315,NA,0,-3.98004363,NA,NA,NA,0,"asia"
"Philippines",1971,4.806740853,-0.016370932,11.25998867,3.054509511,-7.96385627,NA,NA,NA,0,"asia"
"Philippines",1972,4.652257504,0.003567379,14.04484982,4.677906002,-7.814335853,NA,NA,NA,0,"asia"
"Philippines",1973,8.830641351,0.012945634,12.19629863,5.067193569,11.35584625,NA,NA,NA,0,"asia"
"Philippines",1974,4.876528594,-0.015737116,33.81099125,-0.629153325,3.224050961,NA,NA,NA,0,"asia"
"Philippines",1975,6.215183103,-0.007333373,27.26286819,-0.816103872,4.766745815,NA,0,0,0,"asia"
"Philippines",1976,7.70968728,-0.002950216,23.7532884,4.820318497,4.635498897,NA,0,0,0,"asia"
"Philippines",1977,5.966766335,0.00357969,18.22940807,4.411991747,-3.958573536,18.6,0,0,0,"asia"
"Philippines",1978,5.355665034,0.008375356,21.76952984,4.704603941,6.145249168,18.4,0,0,0,"asia"
"Philippines",1979,6.067010245,-0.012455436,22.5270916,2.488028488,13.647296,19.3,0,0,0,"asia"
"Philippines",1980,5.102780695,-0.031140357,19.65511401,-0.538743241,18.76940598,22.3,0,0,0,"asia"
"Philippines",1981,2.813037177,-0.007125359,20.95367713,1.750816024,21.8073029,21.1,0,0,1,"asia"
"Philippines",1982,3.55536828,0.018819921,21.19257866,-2.178058416,2.840943037,18.4,0,0,0,"asia"
"Philippines",1983,1.857261774,-0.004745644,27.53011743,3.816867932,2.942713346,20.5,1,1,0,"asia"
"Philippines",1984,-7.605721811,-0.00210008,3.664692404,6.007939716,10.99268373,22.4,1,1,0,"asia"
"Philippines",1985,-7.587300184,-0.032009223,-5.552071572,3.115946019,-14.57498935,22.3,0,1,0,"asia"
"Philippines",1986,3.359706638,0.020387718,-16.06567505,2.87147774,-21.23376631,25.8,1,1,0,"asia"
"Philippines",1987,4.221272534,-0.008153337,-11.35383961,3.031145771,-20.7766442,24.3,0,1,0,"asia"
"Philippines",1988,6.534329702,0.003972147,6.036965219,3.857432698,-10.87162378,25,0,0,0,"asia"
"Philippines",1989,6.020389105,-0.01636223,19.47134866,2.501006818,-13.5637901,25.9,0,0,0,"asia"
"Philippines",1990,2.991767625,0.008689827,26.81129633,0.811074829,-12.63906778,25.8,0,0,0,"asia"
"Philippines",1991,-0.580010228,0.00768224,-2.595017758,-0.977278037,-1.521930876,27.5,0,0,0,"asia"
"Philippines",1992,0.337029584,-0.004018428,16.22502994,2.68448554,-6.893058424,27.5,0,0,0,"asia"
"Philippines",1993,2.094222834,0.023630601,83.82383486,2.207845966,0.479190837,29.5,0,0,0,"asia"
"Philippines",1994,4.294098193,-0.003692964,17.40431512,3.462343528,3.639419946,31.6,0,0,0,"asia"
"Philippines",1995,4.652530503,-0.002218312,27.25689234,1.99844809,17.24039942,36.1,0,0,0,"asia"
"Philippines",1996,5.60139211,-0.001935931,33.85884519,3.679556467,14.89525292,40,0,0,0,"asia"
"Philippines",1997,9.21843306,NA,NA,3.856177038,NA,48.5,1,0,1,"asia"
"Singapore",1970,0,-0.022863843,NA,0,-9.187180259,NA,NA,NA,0,"asia"
"Singapore",1971,11.78826138,0.020598333,-6.48251773,3.054509511,-8.710652159,NA,NA,NA,0,"asia"
"Singapore",1972,12.60155927,-0.007839294,40.66876021,4.677906002,6.90159044,107.9,NA,NA,0,"asia"
"Singapore",1973,10.91314735,-0.001913418,45.41486061,5.067193569,18.33249739,119.8,NA,NA,0,"asia"
"Singapore",1974,6.153532883,0.013086069,1.577866101,-0.629153325,14.21924869,152.3,NA,NA,0,"asia"
"Singapore",1975,4.004014245,-0.015766842,15.16930723,-0.816103872,3.750405734,140,1,0,0,"asia"
"Singapore",1976,7.208252565,0.003055053,32.20264395,4.820318497,-2.332656432,152.1,0,0,0,"asia"
"Singapore",1977,7.470917163,-0.003365115,9.777116155,4.411991747,-7.142873576,164.9,0,0,0,"asia"
"Singapore",1978,8.244720932,0.001705404,16.44467811,4.704603941,-5.60504294,169,0,0,0,"asia"
"Singapore",1979,8.902979358,0.000876808,24.01555142,2.488028488,-3.108694926,189.1,0,0,0,"asia"
"Singapore",1980,9.252212874,0.022325233,42.70498744,-0.538743241,5.869344977,207.2,0,0,0,"asia"
"Singapore",1981,9.173149126,0.007927762,63.94996405,1.750816024,9.619156845,203.6,0,0,0,"asia"
"Singapore",1982,6.63800029,-0.002477336,-0.029714739,-2.178058416,10.12598702,190.9,0,1,0,"asia"
"Singapore",1983,7.869338359,0.029115062,35.48554681,3.816867932,12.00026376,171,0,0,0,"asia"
"Singapore",1984,7.98216218,-0.038356798,13.73925937,6.007939716,7.634727024,161.1,0,0,0,"asia"
"Singapore",1985,-1.633948225,0.002852486,-9.173186106,3.115946019,-11.84620977,157.6,0,0,0,"asia"
"Singapore",1986,2.274088819,-0.063049416,1.112130925,2.87147774,-18.81354381,152.8,0,0,0,"asia"
"Singapore",1987,9.282211846,0.100284652,9.566514885,3.031145771,-18.3811378,168.6,0,0,0,"asia"
"Singapore",1988,11.00430522,-0.041283028,4.213577474,3.857432698,-11.32159478,188.1,0,0,0,"asia"
"Singapore",1989,9.187886949,0.085534554,5.043225986,2.501006818,-6.020426827,181.9,0,0,0,"asia"
"Singapore",1990,8.594186318,0.014511367,11.62654425,0.811074829,-2.558886699,180.2,0,0,0,"asia"
"Singapore",1991,7.004419037,0.024043689,13.00005884,-0.977278037,-1.027287564,172.5,0,0,0,"asia"
"Singapore",1992,6.041452726,0.03669501,5.319996172,2.68448554,-3.116977556,166.6,0,0,0,"asia"
"Singapore",1993,9.900843838,0.000813181,11.34028114,2.207845966,0.777727108,165.4,0,0,0,"asia"
"Singapore",1994,9.983860488,0.023064687,12.04680994,3.462343528,2.191589045,170.3,0,0,0,"asia"
"Singapore",1995,8.337652159,0.022924871,16.08156983,1.99844809,10.90533302,174.1,0,0,0,"asia"
"Singapore",1996,7.526694547,-0.036751647,15.945604,3.679556467,13.57801383,168.1,0,0,0,"asia"
"Singapore",1997,6.566948672,NA,NA,3.856177038,NA,162.2,0,0,0,"asia"
"Thailand",1970,0,-0.011556512,NA,0,-6.883665601,NA,NA,NA,0,"asia"
"Thailand",1971,4.84567231,0.000493885,20.25979757,3.054509511,-10.81797534,NA,NA,NA,0,"asia"
"Thailand",1972,3.9945347,0.000229616,18.09100343,4.677906002,-11.05568472,NA,NA,NA,0,"asia"
"Thailand",1973,9.403724465,0.034132015,24.72346624,5.067193569,3.616742864,NA,NA,NA,0,"asia"
"Thailand",1974,4.259083384,-0.028765001,17.60049498,-0.629153325,1.743962431,NA,NA,NA,0,"asia"
"Thailand",1975,4.732862331,-0.02189484,22.87219095,-0.816103872,2.291238356,18.7,0,0,0,"asia"
"Thailand",1976,8.958840398,0.001836295,18.27671371,4.820318497,-0.536510529,20.4,0,0,0,"asia"
"Thailand",1977,9.441935271,-0.009458657,25.12720993,4.411991747,-9.905682151,20.1,0,0,0,"asia"
"Thailand",1978,9.928668065,-0.004831255,24.95915317,4.704603941,-5.192082673,20.3,0,0,0,"asia"
"Thailand",1979,5.177220416,-0.017736331,18.75141766,2.488028488,7.402894281,22.9,0,0,0,"asia"
"Thailand",1980,4.67220331,0.008739327,16.67692173,-0.538743241,14.97321897,24.5,0,0,0,"asia"
"Thailand",1981,5.738987172,-0.033309212,16.31942609,1.750816024,19.1413288,24.4,1,0,0,"asia"
"Thailand",1982,5.214025616,0.018598485,19.47397664,-2.178058416,22.109731,23.4,0,0,0,"asia"
"Thailand",1983,5.433858004,0.002712358,23.3696607,3.816867932,22.3957657,20.4,0,1,1,"asia"
"Thailand",1984,5.593059377,-0.020515932,16.37915857,6.007939716,10.22804539,22.3,1,1,0,"asia"
"Thailand",1985,4.542487609,0.00660757,8.053517375,3.115946019,-5.843169866,23.4,0,1,0,"asia"
"Thailand",1986,5.386138168,0.014563282,5.825530833,2.87147774,-12.76091222,25.8,0,1,0,"asia"
"Thailand",1987,9.092739291,0.025404474,16.36381982,3.031145771,-12.14415029,29,0,1,0,"asia"
"Thailand",1988,12.47640501,0.023742159,14.51981411,3.857432698,-4.933489363,33.1,0,0,0,"asia"
"Thailand",1989,11.50281719,0.020438324,18.09989225,2.501006818,-3.339418287,35,0,0,0,"asia"
"Thailand",1990,10.58648687,0.007601426,23.75162001,0.811074829,-1.475376544,34.2,0,0,0,"asia"
"Thailand",1991,8.211681899,-0.013511891,14.37695503,-0.977278037,-2.892042068,36.1,0,0,0,"asia"
"Thailand",1992,7.773284473,-0.004352958,16.55843093,2.68448554,-4.277686073,37.1,0,0,0,"asia"
"Thailand",1993,8.050792182,0.000290569,20.45165681,2.207845966,-3.235087895,37.9,0,0,0,"asia"
"Thailand",1994,8.560743946,0.012674123,25.40409854,3.462343528,-4.216086286,38.9,0,0,0,"asia"
"Thailand",1995,8.466481631,-0.002976108,20.80113226,1.99844809,8.855109121,41.8,0,0,0,"asia"
"Thailand",1996,5.371808506,NA,13.12259556,3.679556467,0.095236584,39.4,0,0,0,"asia"
"Thailand",1997,-0.428731048,NA,NA,3.856177038,NA,47.1,1,1,1,"asia"
